Organization,Followed On
dti digital,Sat Nov 05 21:30:08 UTC 2022
TRACK&FIELD,Fri Nov 04 23:34:36 UTC 2022
"Grupo Sacada | Oh, Boy! | YOBOH!",Fri Nov 04 23:34:34 UTC 2022
Teamit Inc.,Tue Nov 01 23:16:38 UTC 2022
Trustly,Tue Oct 25 00:58:26 UTC 2022
Rocketseat,Mon Oct 24 23:56:20 UTC 2022
Senac RJ,Tue Oct 11 00:29:12 UTC 2022
Recod.ai,Tue Oct 04 00:03:20 UTC 2022
Ambev,Wed Sep 28 00:32:28 UTC 2022
ANACE - Associação Nacional dos Consumidores de Energia,Wed Sep 28 00:29:14 UTC 2022
CI&T,Tue Sep 27 14:55:56 UTC 2022
Gria,Tue Sep 27 14:52:05 UTC 2022
Talentify.io,Tue Sep 27 14:48:35 UTC 2022
Alura,Tue Sep 27 01:23:46 UTC 2022
PetroRio,Tue Sep 27 01:20:31 UTC 2022
Hydra Games,Fri Sep 16 00:33:34 UTC 2022
ília digital,Thu Sep 15 00:20:54 UTC 2022
Alterdata Software,Mon Sep 12 22:11:42 UTC 2022
Nubank,Thu Sep 01 01:05:25 UTC 2022
Mestra Informática e Tecnologia,Wed Aug 24 00:04:21 UTC 2022
Cielo,Fri Aug 12 22:29:04 UTC 2022
Globo,Fri Aug 12 22:29:03 UTC 2022
Bradesco Seguros,Fri Aug 12 22:29:01 UTC 2022
Vivo (Telefônica Brasil),Fri Aug 12 22:28:59 UTC 2022
Endeavor Brasil,Tue Aug 09 21:44:25 UTC 2022
Zoox Smart Data,Mon Aug 08 15:31:38 UTC 2022
Egali Intercâmbio,Wed Aug 03 00:39:41 UTC 2022
IBM,Wed Aug 03 00:34:17 UTC 2022
ExxonMobil,Wed Aug 03 00:32:30 UTC 2022
diversiData,Tue Aug 02 22:29:46 UTC 2022
Ambev Tech,Wed Jul 27 00:41:42 UTC 2022
"MODEC, Inc.",Wed Jul 27 00:41:05 UTC 2022
IPNET Growth Partner,Wed Jul 27 00:25:40 UTC 2022
Grupo Boticário,Tue Jul 26 23:40:26 UTC 2022
Westwing Brasil,Tue Jul 26 23:34:35 UTC 2022
Linx,Wed Jul 20 00:13:06 UTC 2022
Stone,Tue Jul 19 22:47:20 UTC 2022
Curious Thing AI,Tue Jul 19 22:45:53 UTC 2022
Dock,Tue Jul 19 22:45:05 UTC 2022
Contente,Tue Jul 19 22:44:52 UTC 2022
Laskie,Tue Jul 19 01:33:34 UTC 2022
Cortex,Tue Jul 19 01:17:46 UTC 2022
Nath Finanças,Tue Jul 19 00:04:45 UTC 2022
Mercado Livre,Mon Jul 18 23:45:17 UTC 2022
Laboratoria,Sun Jul 17 21:15:30 UTC 2022
iDelas Gestão Feminina,Sun Jul 17 21:15:27 UTC 2022
Mães Produtivas,Sun Jul 17 21:15:24 UTC 2022
"Se Candidate, Mulher!",Sun Jul 17 21:15:22 UTC 2022
ILKA,Sun Jul 17 21:15:20 UTC 2022
ONG Banco de Alimentos,Tue Jul 12 23:17:11 UTC 2022
GitHub,Mon Jul 11 14:48:25 UTC 2022
Juntos Somos Mais,Mon Jul 11 14:25:31 UTC 2022
NTT DATA,Thu Jul 07 23:18:08 UTC 2022
Claro Brasil,Thu Jun 30 23:09:42 UTC 2022
C6 Bank,Thu Jun 30 00:46:30 UTC 2022
RD,Tue Jun 28 22:17:40 UTC 2022
Zé Delivery,Fri Jun 24 21:14:14 UTC 2022
Schneider Electric,Fri Jun 24 13:05:38 UTC 2022
OLX Brasil,Wed Jun 22 00:47:02 UTC 2022
Mulheres em Dados,Sat Jun 18 00:52:16 UTC 2022
GitHub Brasil,Sat Jun 18 00:47:52 UTC 2022
Uber,Sat Jun 18 00:47:37 UTC 2022
Instagram,Sat Jun 18 00:47:36 UTC 2022
Amazon Web Services (AWS),Sat Jun 18 00:47:36 UTC 2022
YouTube,Sat Jun 18 00:47:34 UTC 2022
LinkedIn,Sat Jun 18 00:47:33 UTC 2022
Tesla,Sat Jun 18 00:47:32 UTC 2022
The Walt Disney Company,Sat Jun 18 00:09:04 UTC 2022
TikTok,Sat Jun 18 00:09:03 UTC 2022
Amazon,Sat Jun 18 00:09:02 UTC 2022
Airbnb,Sat Jun 18 00:09:01 UTC 2022
Apple,Sat Jun 18 00:09:00 UTC 2022
Google,Sat Jun 18 00:08:59 UTC 2022
Meta,Sat Jun 18 00:08:58 UTC 2022
Netflix,Sat Jun 18 00:08:57 UTC 2022
Spotify,Sat Jun 18 00:08:54 UTC 2022
Microsoft,Sat Jun 18 00:08:38 UTC 2022
Oracle,Sat Jun 18 00:07:02 UTC 2022
Petz,Thu Jun 16 00:12:17 UTC 2022
americanas s.a.,Thu Jun 16 00:12:15 UTC 2022
Reserva,Fri Jun 10 00:44:13 UTC 2022
Resilia Educação,Wed Jun 01 23:25:39 UTC 2022
Universidade Federal Fluminense,Fri Jan 15 19:05:36 UTC 2021