Notes:
"When exporting your connection data, you may notice that some of the email addresses are missing. You will only see email addresses for connections who have allowed their connections to see or download their email address using this setting https://www.linkedin.com/psettings/privacy/email. You can learn more here https://www.linkedin.com/help/linkedin/answer/261"

First Name,Last Name,Email Address,Company,Position,Connected On
Bernardo,Ivo de Oliveira,,SKILL Informática,Estagiário de programação,03 Nov 2022
Marino,Catarino,,Universidade Presbiteriana Mackenzie,Professor convidado,03 Nov 2022
Jefferson,Feliciano Jesus Vieira,,Eny Boutique Hotel & Spa,Barman chefe ,03 Nov 2022
Raju,Sarker,,IBM,online,03 Nov 2022
Igor,Rodrigues,,Inspira Rede de Educadores,Técnico em atendimento e vendas,03 Nov 2022
Levi ,Vasconcelos Neves Marinho,,Itaú Unibanco,Estagiário,03 Nov 2022
abed,ahdy,,,,03 Nov 2022
Ivanez ,Samuel ,,Sutil,Vendedor,01 Nov 2022
Matheus,Lobato,,Royal Face,Consultor de Estética,01 Nov 2022
Francisco,Belo,,Agis,Controlador de manutenção,31 Oct 2022
Daniel,Silveira de Souza,,,,31 Oct 2022
Renato,Almeida ,,INNOVATIONEWS,Owner,31 Oct 2022
Maicon,Brendon,,Rock in Rio,Assistente de operações,31 Oct 2022
IZABEL CRISTINA ,Simão Bazaga ,,Tubarão Atacadão,Caixa,31 Oct 2022
Gabriel ,Chagas de Souza,,Reserva,Assistente de logística,31 Oct 2022
Fernando,Marciano,,,,31 Oct 2022
Robson, Faria,robsonfaria2002@yahoo.com.br,Supermarket REDE PADRÃO DO FONSECA,Gerente de vendas de varejo,31 Oct 2022
Isabelly ,De Souza Alves ,,americanas s.a.,Caixa,31 Oct 2022
Matheus,Alexander,,Central de Relacionamento com Clientes - CRC,Analista de MIS/BI,26 Oct 2022
Vitória,Modesto,,,,26 Oct 2022
Geziel,Gomes,,Softtek,Analista de BI,26 Oct 2022
Matheus,"Laranjeira, M.Sc.",,CNPq,Pesquisador em economia aplicada e ciência de dados,26 Oct 2022
Miguel,Moreno,,Autônomo, Preço médio de casas em Boston,26 Oct 2022
Mário Xavier de,Almeida,,Assesso,Diretor de alianças estratégicas,26 Oct 2022
Renata,Sousa,,Grupo Souza Lima,Auxiliar de limpeza,24 Oct 2022
Patrick,Ferrari,,Clinica Jose Benedito Neves,Técnico radiológico,24 Oct 2022
Priscila,Prendes ,,RD,Analista Pl de Gente e Cultura ,24 Oct 2022
Viktor Bartosz,Ferrer,,Itaú Unibanco,Junior Data Analyst,23 Oct 2022
Rafael,Barbosa,lul.rafaelbarbosa@gmail.com,Marketdata,Cientista de dados PL ,23 Oct 2022
Danusio,Guimarães,,Nubank,Data Scientist,23 Oct 2022
Milene Regina,dos Santos,,Itaú Unibanco,Analista de Políticas de Cobrança Pleno,23 Oct 2022
Thiago,Benevides,,Hotmart,Instrutor de cursos,23 Oct 2022
Éderson,Sousa Albino,,ONS - Operador Nacional do Sistema Elétrico,Analista de Dados e Soluções Análiticas IV,23 Oct 2022
Rodolfo,Almeida,,PagBank PagSeguro,Product Owner,23 Oct 2022
Enrico,Martins,,Genyon Tecnologia,Desenvolvedor Front-End Júnior,23 Oct 2022
Carolina,Fagundes  Brinholi,,Wunderman Thompson Brasil,Analytics Marketing Manager,23 Oct 2022
Silvaneia N,Fernandes,,Claro Brasil,Talent Acquisition | Tech Recruiter,21 Oct 2022
Adriana,Merencio de Sousa,,RD,Analista Pl de Gente e Cultura,21 Oct 2022
Viviane,Delgado,,Resilia Educação,Analista Sênior de Empregabilidade,21 Oct 2022
Daniel,Melo Pereira,,Claro Brasil,Analista de Recursos Humanos – Product Owner Mobilidade Interna ,21 Oct 2022
Emanoelle,Rodrigues,,GLOBAL HITSS ,Especialista em Recursos Humanos,21 Oct 2022
Rafael,Pilan,,Faculdade de Tecnologia de Botucatu (FATEC),Professor do ensino superior,20 Oct 2022
Caio,Dias,,Color Alfa Laboratorio E Materiais Fotograficos,Impressor Fotográfico Pleno,20 Oct 2022
Marcelo V.,"dos Santos, PhD",,Builder Member at BINGO radio-telescope and postdoctoral researcher at IFUSP,"Leadership Skills, Project Management, Data Science and Monte-Carlo Simulation",20 Oct 2022
Matheus,Felipe,,paySmart Services,Estagiário Customer Experience,20 Oct 2022
Kym Kanatto,Melo,,The World Bank Treasury (IBRD • IDA),Analista JR de Aquisições em Projetos Financiado pelo World Bank,20 Oct 2022
Jairson,Assunção Pimentel,,Luizalabs,Analytics Engineer,19 Oct 2022
Rafael,de Lima Lucas,,Freelance (Self employed),Full Stack Developer,19 Oct 2022
Aline,Resende,,Antunes Mascarenhas Advogados,Advogada,18 Oct 2022
Breno,de Souza,,Lippaus Distribuidora,Analista de dados,18 Oct 2022
Gustavo,Rodrigues,,Globo,Data Engineer,18 Oct 2022
sky,nit,,Globo,Sales Specialist,18 Oct 2022
Luis Henrique,Kalil Duarte,,PagBank PagSeguro,Data Engineer Jr,18 Oct 2022
Nerses,Avakyan,,"JSC ""Uzbekneftegaz"" ",Head of group,17 Oct 2022
Gabriel,Costa,,Insights Machine,Suporte de TI,17 Oct 2022
Pragati,Bansod,,UpMan Placements,Resource Executive,15 Oct 2022
Kelvin,Okuda,,Uber,Catalog Anayst Global,15 Oct 2022
Douglas,William Diniz e Silva,,Universidade Federal de Minas Gerais,Analista de Dados /  Supervisor,15 Oct 2022
Marcos,Henrique Ribeiro Martins,,Cerâmica Romana e transportes,Auxiliar administrativo,15 Oct 2022
Danilo,Neto,,FortBrasil,Engenheiro de dados,14 Oct 2022
Lucas,al ,,Self-employed,Professor de Ingles ,13 Oct 2022
Alysson,Guimarães,,GAVB,Data Scientist,13 Oct 2022
PATRICIA,MIRANDA E SILVA,,Kumulus,Estágio,13 Oct 2022
Marcos,Revejes Pedroso,,SECOMP - Semana da Computação da UNICAMP,Finance Director,13 Oct 2022
Matheus,Depoli,,Universidade Federal do Espírito Santo (Oficial),"Iniciação Científica em ""Métodos estatísticos aplicados em Ciências da Saúde e Meio Ambiente.""",13 Oct 2022
Diogo,Moura,,Data Mundo,Analista de dados,13 Oct 2022
Tatiana,Magnavita,,act digital,Desenvolvedor de sistemas - TIM Brasil,13 Oct 2022
Diana,Pimentel,,Lojas Marisa,Sales Supervisor Sênior,12 Oct 2022
Gabriel,Reis,,Dotz Inc.,Analista de Analytics Jr,12 Oct 2022
Mauricio,Buso,,OneSolution Brasil,Director Of Information Technology,12 Oct 2022
Mário,Cruz,,Inetum,ServiceDesk,11 Oct 2022
Dario Gregorio,Tejeda Santana,,"Javascript , CSS, Html,JQuery, PHP ,java,C#.net",Desarrollador web,10 Oct 2022
Daniel,Brandão,,,,10 Oct 2022
Alain,Blanchard,,Data Meaning,Marketing Manager,10 Oct 2022
Lucas,Matoso,,Wiser Educação,Gerente comercial,10 Oct 2022
Matheus,Chaves Silva,,Raccoon Marketing Digital,Estagiário em Ciência de Dados,10 Oct 2022
,,,,,10 Oct 2022
Henrique,Mesquita,,BlueShift Brasil,Analista de requisitos,06 Oct 2022
Renatta,Miranda,,Recrute PJ,Diretora administrativa,06 Oct 2022
Erika,Rocha,,SANDECH,Analista de dados,06 Oct 2022
Leonardo,Couto,,Hotel Solar do Amanhecer,Assistente de reservas,06 Oct 2022
Giancarlo,Cardoso,,Companhia Brasileira de Distribuição,Auxiliar de Padaria,06 Oct 2022
Adriana,Medeiros Conde,,First Class Home,Caixa,06 Oct 2022
Walace,Feres,,Stone,Analista de Operações de TI Pleno,06 Oct 2022
Steffani,Lopes,,Reserva,Customer Experience | Encantamento Reserva,06 Oct 2022
Bruno,Ribeiro,,Stone,Analista de Dados,06 Oct 2022
Mardonio,Holanda,,Supermercado Moranguinho,Gerente de supermercado,04 Oct 2022
Artur,Zanotti,,Aon,Analista de Informações Gerenciais,04 Oct 2022
Luciana,Souza,,IPNET Growth Partner,Business Intelligence and Data Analyst,04 Oct 2022
João Marcos,Alves de Aguiar,,Park Education,Consultor de vendas,03 Oct 2022
Evelin,Barbosa,,Rio Ita,Líder de PCM ,03 Oct 2022
Gustavo,Celestrin,,Pacer Logística,Stockkeeper,03 Oct 2022
Lucia,Maria de Melo,,Tribunal Regional Do Trabalho Da 18 Regiao,Assistente,03 Oct 2022
Adrielly,Oliveira,,Comerc Energia,Customer Success Executive,30 Sep 2022
Felipe,Santos,,IMPACT AI,Salesforce Developer,30 Sep 2022
Nico,Hausmann,,Indii Media,Geschäftsführer,30 Sep 2022
Vivian,Andrade,,Webmotors,Cientista de Dados,30 Sep 2022
André,Luis,,Capgemini Engineering,Engineering Department,30 Sep 2022
Bruno,Becker,,Doctoralia Brasil,Gerente de Grandes Contas Pleno II,30 Sep 2022
Eduardo,Sodré,,UPE-Poli,Professor,30 Sep 2022
More Programming,Academy,,,,30 Sep 2022
Rafael,Martins,,JD Informatica e Comunicaçao ,Tecnico de suporte pleno,30 Sep 2022
Priscilla,Santos,,Padaria Pão Quente,Caixa,29 Sep 2022
Cristiano,Oliveira,,,,29 Sep 2022
Augustine,Bindi,,,,29 Sep 2022
Marcio,André dos Santos,,NORTEC QUÍMICA S.A. ,Operador e Auxiliar de Treinamentos,29 Sep 2022
Alessandra,Nunes Pereira ,,Precisao Servicos E Equipamentos,Técnico de suporte,29 Sep 2022
João Vitor,Duarte,,ZEMA,Analista de sistemas de negócios,29 Sep 2022
Caroline ,Santos,,Insights Machine,Headhunter,28 Sep 2022
Fernanda ,Bu-Harb,,Autônomo,International Trade Adviser,28 Sep 2022
Luiz Vinícius,de Azevedo,,HIS TECNOLOGIA E SISTEMAS,Desenvolvedor Javascript,28 Sep 2022
Leandro,Campos,,Reserva,Coordenador de Encantamento,28 Sep 2022
Isabelly Cristine,Lopes,,NovaQuest Contact Center,Analista MIS -BI,28 Sep 2022
Felipe,Aguiar,,Comunidade DS,Estudante,27 Sep 2022
Thiago,Jorge,,Splenda IT,Data Engineer,27 Sep 2022
Alexandre,Magno,,Wisdom,Professor de inglês,27 Sep 2022
Renan,Santana,,Reserva,Assistente de Compras,27 Sep 2022
Gabriel,Bonavigo,,JBcred Financeira,Cientista de dados,27 Sep 2022
Ana ,Guimarães,,Resilia Educação,Assistente de Sucesso do Estudante [Engajamento],27 Sep 2022
João Pedro,Gonçalves de Faria,,4BIO Medicamentos Especiais,Analista de sistemas trainee,27 Sep 2022
,,,,,26 Sep 2022
Camila,Rodrigues Galvão de Souza,,Cia. Hering,Estagiária de Tecnologia em Produto & Indústria,26 Sep 2022
Zulema,Sánchez Vera,,Bemol,Artificial Intelligence Engineer,26 Sep 2022
Jacqueline,Goes,,Resypar Indústria e Comércio Ltda.,Consultor comercial pleno,26 Sep 2022
Wilson,Cardoso,,CINE CÂNTARO PRODUÇÕES DE MOGI DAS CRUZES - TAWC (TIRINHAS ANIMADAS COM WILSON CARDOSO),DIRETOR DE CINEMA INDEPENDENTE - ATOR - ROTEIRISTA - MOTION DESIGNER - APRESENTADOR - DRT 2000/PB,26 Sep 2022
Ana Paula,Costa Fernandez,,Cobmais,Analista de Recursos Humanos,26 Sep 2022
Jefferson,Vieira,,Hospital Israelita Albert Einstein,Consultor de Analytics,23 Sep 2022
Jéssica,Sampaio Trindade,,Fricasa Alimentos,Analista Administrativo - Inteligência Comercial,22 Sep 2022
LUCAS,FREITAS DO CARMO,,LURE,"CO - Founder, COO",22 Sep 2022
Vinícius,Costa,,F360°,Customer experience,22 Sep 2022
Bianca,PSM Carmo,,Bianca Macedo Consultoria e Serviços,MEI Consultoria e Servicos,22 Sep 2022
Luana,Duarte,,Sambatech,Analista de suporte,22 Sep 2022
Felipe,Massière,,Sapura Navegação Marítima S.A.,Expat Affairs Coordinator,22 Sep 2022
Renata,Biaggi,,Mercado Livre Brasil,Senior Data Scientist | Team leader,21 Sep 2022
Tina,Scalvini,,Scala consultant,Chief Executive Officer,21 Sep 2022
Messias,Novaes,,Avanade,Associate Advanced Analytics,21 Sep 2022
Maria Fernanda,Amaral,,Pacifica Continental,Analista de Recursos Humanos Pleno,21 Sep 2022
Mauricio,Noronha,, -,Consultor de vendas,21 Sep 2022
Alexandre,Dias Machado,,Estratégia Concursos,Coach ,20 Sep 2022
Vitorio,Razzera,,Wild Earth Australia,Data Analyst,20 Sep 2022
Airton,Guedes,,Nestlé,Jovem aprendiz ,20 Sep 2022
Letícia,Jardim Laranja,,JLL,Analista de inteligência de mercado,20 Sep 2022
Heydi,Larissa,,SESC SP Serviço Social do Comércio,Auxiliar,20 Sep 2022
Marcelo,Cardoso,,CS Treina,Executivo de negócios,20 Sep 2022
Shyam Prasad,T,,Cactus Technologies Pvt Ltd,Tableau Developer,19 Sep 2022
Marcos,Ribeiro,,Escritório Contábil J.L. Zittei S/S Ltda,Accountant,19 Sep 2022
Ibrowse,Consultoria,,Ibrowse Consultoria e Informática,Diretor,19 Sep 2022
Brenno,Cavalcante Miranda,,TryHackMe,CTF Player,19 Sep 2022
Jorge ,Linhares,,Clínica de Cirurgia Plástica Dr. Cyro Palma,Consultor de TI,18 Sep 2022
Daniel,Guedes,,arionkoder,Software Engineer,18 Sep 2022
Mauricio,Almeida,,Claro Brasil,Gerente Analytics Customer Experience,18 Sep 2022
Ian,Nascimento,,Elite Consultores do Brasil,Full Stack Developer,17 Sep 2022
Samuel,Fonseca,,GAVB,BI Analyst,17 Sep 2022
Matheus,de Paiva 👀✨,,Devexperts,Tech Recruiter,17 Sep 2022
Alferino,Filho,alferinofilho@gmail.com,Olicampos,Topógrafo,17 Sep 2022
Victor,Mariano Leite,,Passei Direto,Machine Learning Engineer,16 Sep 2022
Gabriela,Antunes,,iMusica,Analista de BI,16 Sep 2022
Rhayza,Pinto,,IBM,Early Associate,16 Sep 2022
Elaine Marie,Jocarelli,,Claro Brasil,Coordinator of Machine Learning & Analytics Engineering,16 Sep 2022
Nicholas,Paiva,,V4 Company,Analista de dados,15 Sep 2022
Thainá,Luiz Fenelon,,IBM,Estagiário,15 Sep 2022
Michelle,Teixeira,,Ubiminds,Tech Sourcer | Talent Acquisition,15 Sep 2022
Cristian,Felix,,Venha Pra Nuvem,Cloud Infrastructure Engineer,15 Sep 2022
Paulo,Pinna,paulopinna@gmail.com,Advogado,Diretor jurídico,15 Sep 2022
Kelton,Wlysses,,,,14 Sep 2022
Mariana,Queiroz,,Reserva,encantadores,14 Sep 2022
Marinara,Zavan,,SulAmérica,Auxiliar administrativa,14 Sep 2022
Débora,de Souza Rocha,,Megadata Computações,Operadora de Tele atendimento,14 Sep 2022
Samantha,Cruz,,CADS Digital,Software Developer,14 Sep 2022
Gabriel,Magalhães,,,,14 Sep 2022
Arthur,Prado,,Brain WP,Aprendiz em empresa especializada em WordPress,13 Sep 2022
Pedro,Garcia,,Palácio das Ferramentas,Analista de suporte de TI,13 Sep 2022
Elisangela,Wendt,,Zeni Motors,Suporte de T.I,13 Sep 2022
Alexmar,Menezes,,Roche,OP. LOGÍSTICO,12 Sep 2022
Paulo,Oliveira,,Compass.uol,Desenvolvedor Front-End,12 Sep 2022
Igor,Taconi,igor.taconi@protonmail.com,ISH Tecnologia,Analista de Desenvolvimento Back End,12 Sep 2022
Anderson Roberto,Oliveira,,Autônomo,Engenheiro civil,12 Sep 2022
Douglas,Silva Cruz,,,Técnico de TI,12 Sep 2022
João Gabriel,Sales,,Mog Design Brasil,Desenvolvedor Frontend,12 Sep 2022
Mariana,Mendes,,,,11 Sep 2022
Mariana,Andrade,,Designeando • Social Media,Design Digital | Social Media,11 Sep 2022
Patricia,Oliveira,,Azimute Med | Soluções Customizadas em Saúde,Analista de BI,11 Sep 2022
Vitor,Mendes,,Leiaute Propaganda,Coordenador de TI,09 Sep 2022
Vinicius,Pinho,,Feegow ,Gerente de Marketing,09 Sep 2022
Enzo,Paes,,SITELBRA,Senior Graphic Designer,09 Sep 2022
Fabricio,Rodrigues,,act digital,Analista de dados,08 Sep 2022
Marcos,Masiero,,MM Consultoria e Capacitação ,Consultor de Gestão por Resultados,08 Sep 2022
Rupinder Kaur,Gill,rupinkgill@gmail.com,"Anthem, Inc.",Senior Tableau Developer,08 Sep 2022
Carlos Adriano,Sodre Araujo,,,,08 Sep 2022
Beatriz,Nolasco,,Alterdata Software,Desenvolvedora FullStack ,08 Sep 2022
Jean Carlo,da Silva,,SEST SENAT,Security Area,08 Sep 2022
Lucas Guilherme,de Arruda,,Suprema Poker,Analista de suporte ao cliente,08 Sep 2022
Matheus,Mesquita,,Reserva,Analista de RH Jr,07 Sep 2022
Filipe,Barrientos,,Superbid,Cientista de dados,06 Sep 2022
Liana,de Castro,,Indra,Analista de dados,06 Sep 2022
Lara,Berenice ,,Memora Processos Inovadores S/A,Inside Sales,06 Sep 2022
Henrique,Oliveira  ,,Betel Corretora de Seguros,Corretor de seguros,06 Sep 2022
Beatriz,Carvalho,,Jeitto,Analista de Fraude Jr.,06 Sep 2022
Sintia ,Simas,,Exclusive Seguros,Enfermeira,05 Sep 2022
João Emmanuel,D Alkmin Neves,,Faculdade de Tecnologia de Americana,Professor de Ensino Superior,05 Sep 2022
Ester,Santos,,Grupo Genial Veículos,Operador de CRM,05 Sep 2022
Matheus Alberto,Vilas Boas,,,,05 Sep 2022
Diego,Silva,,,,05 Sep 2022
,,,,,05 Sep 2022
Felipe,Da Silva Oliveira,,Dow,Business Finance,05 Sep 2022
Larissa,Buonafina,,Pagar.me,Analista de Risco | Chargeback,05 Sep 2022
Sergio,Lima 🌈,sergiosouzalima@gmail.com,Caixa Econômica Federal,Software Engineer | Data Modeler,05 Sep 2022
Nathalia,Lourenço,,Afferolab,Analista de Informações Jr,05 Sep 2022
Larissa,Copel Rothman,,Inter,Senior Data Engineer,04 Sep 2022
Matheus,Soares,,Footure,Produtor de conteúdo,02 Sep 2022
Diego,N. Vilela,,Onkos Molecular Diagnostics,Data Scientist,02 Sep 2022
Vanielly,Pontes Santana,,Supply Midia - Business Solutions,Analista de Testes Junior,01 Sep 2022
Diego,Peixoto,,Reserva,"Head of Data (BI , Analytics, Big Data, Data Science)",01 Sep 2022
Henrique,Costa,,QuintoAndar,Estratégia de Crédito e Rentabilidade,01 Sep 2022
Paulo Henrique,Araujo Da Silva,,,,31 Aug 2022
Marcio,Henriques,mhadsouza@gmail.com,RPM HOSPITALAR,Analista de suporte de TI Pleno,31 Aug 2022
Fernando,da Silva,,APLLOS,Estagiário,31 Aug 2022
Leila,Aparecida da Silva,,SenseData,Analista Analytics Services Pleno,31 Aug 2022
Rafael,Fusco,,Nenhuma,Nenhuma,31 Aug 2022
Luis Gustavo,Aguiar,,InvestBefore,Fundador & Estrategista,30 Aug 2022
Karina,Machado,,Opciones produções e eventos,Promotor de eventos,30 Aug 2022
Odilon,Cavalcante Junior,,Huawei Brasil,Analista de BI,30 Aug 2022
Ludmila,Martins,,Sesc em Minas Gerais,Assistente administrativo,30 Aug 2022
Jairo,Bernardes da Silva Júnior,,Autônomo,Engenheiro de dados,30 Aug 2022
Daiana,Duarte,,Confecções Bewonder LTDA,Balconista,29 Aug 2022
Pedro,Canizela,pedrocanizela@gmail.com,BlueShift Brasil,Engenheiro de dados,29 Aug 2022
Wesley,Maia,,Hand Talk,Data Scientist,29 Aug 2022
Iury Barbosa ,de Alexandria,,Soluções eSales,Data Architect,29 Aug 2022
Artur,Moretti,,Iteris Consultoria e Software,Software Developer,29 Aug 2022
David,Lima,,OAB SP,Auxiliar administrativo,29 Aug 2022
Pablo,Melo,,Sky.One Solutions,Analista de suporte júnior,29 Aug 2022
André Luiz,Viana,,,,29 Aug 2022
Layz,Cruz,,Farmacon Contabilidade para Farmácias,Analista Fiscal Sênior - Farmacon Contabilidade,29 Aug 2022
Evandro,Bianquin Machado,,Getnet - PMS,Information Technology Specialist,29 Aug 2022
Rodrigo,Braga de Castro,,Datum TI,Desenvolvedor Back-End Pleno,29 Aug 2022
Humberto L.,Varona,,Research Executive Agency. European Commission,Triatlas Project,29 Aug 2022
Ian,Soares,,Darede - à nuvem,Estagiário em Cloud,29 Aug 2022
João,Jacinto,,Broadfactor,Frontend Developer,29 Aug 2022
Ivan,Ferraz,,Mitre Realty,CTO | Diretor de Tecnologia e Inovação,29 Aug 2022
Juliandson,Barros,,,,27 Aug 2022
Danilo,Xaxá,,Órama Investimentos,Back-end Developer,27 Aug 2022
Gabriel,Lopes,,ENGECONSULT Consultores Técnicos - LCA Planejamento e Gestão,Assistente de projetos,27 Aug 2022
Paulo,Lombardi,,credsystem,Analista Pleno - Iniciação de Crédito ,26 Aug 2022
Wagner,Augusto,,Padaria E Confeitaria Doce Sabor,Auxiliar de Padaria,26 Aug 2022
Jaqueline,Mangabeira,,SOS Amazônia,Analista de Parcerias,26 Aug 2022
Bruna,Lima,,,,26 Aug 2022
Erickson,Lopes,,be3 health tech,Programador júnior,26 Aug 2022
Viviane Carrilho,Luna,,Paty Perfumaria,Caixa,25 Aug 2022
Lucas,da Cunha,,Comunidade DS,Cientista de dados,25 Aug 2022
Mateus,Lemes,,Vivo (Telefônica Brasil),Atendente de telemarketing,25 Aug 2022
Hugo,Cantuaria,,SulAmérica,Finance Operations Intern,25 Aug 2022
Jacqueline,Silva,,Sonda Supermercados,Caixa,25 Aug 2022
Afrodite,Food and Beverage,,Afrodite Food & Beverage,Marketing Specialist,25 Aug 2022
Luis Henrique,Borges Viana,,Drogaria Araujo S/A,Analista de Desenvolvimento de Sistemas - Sênior,25 Aug 2022
Fabrício,Bahiense ,,BJ Consulting ,Desenvolvedor Front-End,25 Aug 2022
André,Ibraim ,,"SPMS, EPE - Serviços Partilhados do Ministério da Saúde",Scrum master,25 Aug 2022
Fabrício,Leandro,,Grupo Petrópolis,Supervisor de vendas,25 Aug 2022
Michel,Pioker,,Transire Eletrônicos,Analista de BI,23 Aug 2022
Rafael,Gallo,,Leroy Merlin,Cientista de dados,23 Aug 2022
Rian,Novaes,,Força Aérea Brasileira - FAB,Militar,23 Aug 2022
Nicole,Holanda,,Iqnus Tecnologia,Desenvolvedor de front-end,22 Aug 2022
Pedro,Dias,,Johnson & Johnson,Operador de produção,22 Aug 2022
Gleisson,Santos,,Techbridge Engenharia,Encarregado de Programação,22 Aug 2022
Gabriel,Rodrigues Coutinho Pereira,,Universidade Federal do Estado do Rio de Janeiro,Doutorando em Neurologia ,22 Aug 2022
Caroline,Vitoria,,,,22 Aug 2022
larissa,Vinha ,,Be Pointer,Tech Recruiter ,22 Aug 2022
Ítalo ,Barros,,Stone,Recruiter,22 Aug 2022
João Victor,Nogueira de Azevedo,,Dadoteca,Consultor Power Plataform,22 Aug 2022
Vinícius,Costa Souto,,Riachuelo,Analista administrativo,22 Aug 2022
Rubens,"Chinali Canarim, Ph.D.",,Vivo (Telefônica Brasil),Device Development Specialist,22 Aug 2022
Alexandre,Bianco,alexandre.bianco@gmail.com,GLOBAL HITSS,Information Technology Operations Manager,21 Aug 2022
Pedro,Xavier,,Magazine Luiza,Assistente administrativo,20 Aug 2022
Caike,Alves,,Inflex,Analista de IoT,20 Aug 2022
Eduardo,Ferreira de Souza,,Santa Casa de Misericórdia de Barbacena,Estagiário,20 Aug 2022
Djenole,da Silva,,Iteris Consultoria e Software,Software Developer,20 Aug 2022
Juliana,Adati,,PepsiCo,Aprendiz,20 Aug 2022
Icaro,Antônio,,Top Information,Salesforce Software Developer,19 Aug 2022
Raphael,Gomes,,Gold star confecções ,Etiquetador,18 Aug 2022
Isadora,Araújo,,Avanade,"Assoc, Full-Stack Developer",18 Aug 2022
Claudia,Maia,,Senac RS,Professora,18 Aug 2022
Markus,Vinicyus,,DOMVS Service IT,Developer .NET sênior at DOMVS IT,18 Aug 2022
Juan,Garcia,,Unimed Litoral,Especialista em BI e Informações Gerenciais,17 Aug 2022
Henrique ,Ferraz ,,Eu Entrego,Desenvolvedor de software,17 Aug 2022
Isabella,Oliveira,,WORKALOVE  EDTECH,Consultora de negócios,17 Aug 2022
Ramom,Ferraz,,Super Mercado Zona Sul S/A,Consultor,17 Aug 2022
Isabellí,Andrade,,Santander Brasil,Data Engineer Jr. ,16 Aug 2022
Luiz Vicente,Dias Junior,,,,16 Aug 2022
Breno,Sales,,Sistran Informática,Analista de dados,16 Aug 2022
Filipe,Ribeiro,,Hortisis,Gerente,16 Aug 2022
Lucas Calebe,Botelho da Silva,,Autônomo,Personal trainer,16 Aug 2022
Andre,Freitas,,Indra,Tech lead BI/Big Data | Engenheiro de dados,16 Aug 2022
Karina,Cristo,,BYJU'S FutureSchool Brasil,Professora,16 Aug 2022
João Vitor,Araújo dos Santos,,,,16 Aug 2022
Natascha,Fontanesi Weber 🏳️‍🌈,,iFood,Analista de dados,16 Aug 2022
Gustavo,Barros,,TRX Produções Digitais,Analista Digital,16 Aug 2022
Alana,C. E. Granha Loregian,,Farmácias Pague Menos,Farmacêutico,16 Aug 2022
Davi,Garcia Miranda,,Emcompre,Analista de dados,15 Aug 2022
Jamison,Queiroz,,SEMGE,GIS Technical Lead,15 Aug 2022
Walter,do Amaral Netto,,Comunidade DS,Cientista de dados,15 Aug 2022
Amanda,Santos,,,,15 Aug 2022
Jamesson,A. Gomes,,UNIVERSIDADE FEDERAL DO MARANHÃO - UFMA,Pesquisador ,15 Aug 2022
Vanessa,Diniz,,GOL Linhas Aéreas,Business Intelligence Analyst,15 Aug 2022
Matheus,Casteli,,HCosta,Profissional de telemarketing,14 Aug 2022
Felipe,Borges de Freitas,,Uva Comfort,Sócio proprietário,14 Aug 2022
Tainan,Machado Silva,,Brisanet Telecomunicações,Analista de inteligência de mercado,14 Aug 2022
Daniel ,Torres Tavares,,Rodrigo Montesanto Pereira Leite,Auxiliar administrativa,12 Aug 2022
Rodrigo,Duarte,,RLD SERVICE  LLC,Business Owner,10 Aug 2022
Duarte,Junior,duarte.jr105@gmail.com,Fundação Cearense de Pesquisa e Cultura,Engenheiro Pesquisador,10 Aug 2022
João Victor,Da Silva Mendes,,,,10 Aug 2022
Vanda,Nunes,,Reserva,Dona de casa,10 Aug 2022
João Pedro,A.,,,,10 Aug 2022
Estêvão,Mendes,,,,10 Aug 2022
Felippe,Trindade,,Grupo Profarma,Head of Supply Chain,10 Aug 2022
Maria Rita,Santana,,Mercado Livre,Software Developer,09 Aug 2022
Caique,Miranda,,Freelance,Analista de manutenção,09 Aug 2022
Mariana,Pacini,,Siga Tecnologia,Operador Auxiliar,09 Aug 2022
Gisela,Alves,,Carvalho Hosken S/A,Analista de dados,08 Aug 2022
Matheus,Araujo,,Grupo SOMA,Desenvolvedor de front-end,08 Aug 2022
Alexandre,Cordeiro,,Distribuição Disupra ,Conferente,08 Aug 2022
Fazlous,Satter,,"UNDERSTANDING THE WORLD’S LONGEST CIVIL WAR: COLONIAL STATE FORMATIONS, GEOPOLITICS, CONFLICT OVER N",Author,08 Aug 2022
marlon,da silva ,,,,08 Aug 2022
Marcelo,Alves,,Oi,Especialista Telecom Consultor,08 Aug 2022
Vanessa,Aline,,Jet Commerce Brasil,Analista de e-commerce,06 Aug 2022
Alessandra,Miliatti,,RD,"Gerente Aprendizagem Digital (Tech, Negócios Digitais e Data)",06 Aug 2022
Luciano,Diettrich,,Claro Brasil,Advanced Analytics Director,05 Aug 2022
Marcio,Paiva,,Global Hitss,Gerente Executivo de  Bigdata & Analytics,05 Aug 2022
Lívia,Bukolts,,RD,Product Designer,05 Aug 2022
Eliane,Zuin,,Claro Brasil,HR Business Partner,05 Aug 2022
Isabelle,S Costa 🏆,,AGETRANSP,Assistente da Secretaria Executiva,04 Aug 2022
Rafael,Peruzini,,Companhia Siderúrgica Nacional,Analista de dados de Business Intelligence,03 Aug 2022
𝐀𝐭𝐢𝐥𝐚,𝐀𝐧𝐣𝐨𝐬,,,,03 Aug 2022
André,Luiz,,Beijupira Restaurante,Caixa,03 Aug 2022
Alexandre,Colmenero,,Descomplica,Estagiário em Advanced Analytics,03 Aug 2022
João Paulo,Amaral,,Egali Intercâmbio,Consultor de vendas,03 Aug 2022
Agda,Costa,,MindTek,Analista de dados Junior,02 Aug 2022
Luana,Palmeira,,Reiner Arquitetura e Interiores,Estagiária,02 Aug 2022
Erick,Rhamnusia,,iMusicaCorp,Analista de Business Intelligence,02 Aug 2022
Rodrigo,Barbosa,,Grupo Trigo,Senior Data Scientist,02 Aug 2022
Elçom,Junior,,Loja de Materiais de Construção,Vendedor,02 Aug 2022
Thais,Arantes,,BlueShift Brasil,Engenheiro de dados,02 Aug 2022
Emerson Rodrigo,Alves Tavares,,Medical School ,"Academic Regulation, Technology Manager and Professor",01 Aug 2022
Gabriela,Gomes da Silva,,Via,Aprendiz em vendas com serviços administrativos na Via Varejo,01 Aug 2022
João Paulo,Allão Gonçalves,,Megamatte,Estagiário de Inteligência e Estratégia,01 Aug 2022
Felipe,Guimarães,,Felpstore,Fundador,01 Aug 2022
Pablo,Aguiar Raposo,,Prefeitura do Município de São Bernardo do Campo,técnico em licitações,01 Aug 2022
Ademir,Cordeiro,,CCAA,Estagiário de desenvolvimento,01 Aug 2022
Vitor ,Gama Lemos,,PSafe Brasil,Cientista de dados,01 Aug 2022
Whelerson,Junior,,BRF,Especialista ciência de dados,01 Aug 2022
Vitor,Antunes,,Prefeitura Municipal de Paranapanema,Sistema Frota,29 Jul 2022
Bruno,Imianovsky,,Neogrid,Engenheiro de Dados Jr,27 Jul 2022
Angelica,Caseri,,BASF,Data Science Lead,27 Jul 2022
Leonardo,Lima,,B & C Materiais de Construção Ltda.,Consultor de varejo,27 Jul 2022
Lucas,Camisão,,Rede D'Or São Luiz,Operador de tele atendimento,27 Jul 2022
Derek,Martins,,BuscaJuris,Engenheiro de dados,27 Jul 2022
Miguel,Jardim,,Pacifica Continental,Business Inteligence Intern,26 Jul 2022
Felipe Matos,de Arruda Gomes,,Agência UM,Analista de BI Pleno,26 Jul 2022
Jefferson,Viegas,,AMC Telecom,Supervisor,26 Jul 2022
Gustavo,Matos,,,,26 Jul 2022
Richard,Lira,,Louvre Hotels Group - Brazil,Estagiário de TI,26 Jul 2022
João,Abreu,,Youx Group,Desenvolvedor .Net,26 Jul 2022
Fabio,Passos,,Baco Soluções Audiovisais,CEO,26 Jul 2022
Gleikson,Alves Da Silva,gleykson009@hotmail.com,Concelta Construções Elétricas Ltda,Eletricista de Redes de Alta Tensão,26 Jul 2022
João ,Teodoro ,,Nextel Brasil,Operador de software,26 Jul 2022
Samyr,Ozibel,,Epifania Gráfica e Audiovisual,Assistente de design gráfico,24 Jul 2022
Jeferson ,Pereira Matos,,RSTcom Comunicação Estratégica,Desenvolvedor full stack,23 Jul 2022
Vanessa,Schnee,,Resilia Educação,Customer Success - Área de Novos Negócios,23 Jul 2022
Cantor Allan Emanuel, - O Sertanejo da Sofrência.,,Autônomo,Artista,22 Jul 2022
Brunna,Brito,,Petlove&Co,Data Analytics Intern,22 Jul 2022
Caio Felipe,Miotto Tannure,,Clube de Regatas do Flamengo,Assistente administrativo,21 Jul 2022
Joel,Lopes Cunha De Souza,,,,21 Jul 2022
Mauricio,Peixoto,,A GERADORA,Controladoria financeira,20 Jul 2022
Paulo,Yokoyama,,BuscaJuris,Engenheiro de dados,20 Jul 2022
José Rodolpho,De Oliveira Gomes,,,,20 Jul 2022
Jorge,Carvalho,,Grupo Cacique,Auxiliar Administrativo,20 Jul 2022
Reinaldo,Oliveira de Azevedo,,Young Solucoes,Analista de suporte,19 Jul 2022
Renato,Leon,,Vérttice Gerenciamento de Riscos,Operador de Monitoramento ,19 Jul 2022
Luis Fernando,Queiroz Guimarães,,Angels Serviços Técnicos Ltda,Assistente Administrativo IV,19 Jul 2022
Neto,Antunes,,Wunderman Thompson,Coordenador de Business Intelligence,19 Jul 2022
Dayson,Nascimento,,datamint,Cientista de dados,18 Jul 2022
Camila Raíra,Xavier,,,,18 Jul 2022
Tulio,Vargas,,Clube FII,Back End Developer,18 Jul 2022
Lucas ,Pereira ,,Metalúrgica Suprens LTDA.,Sub-lider,17 Jul 2022
Jefferson Toledo,Peres,,KZA3,Supervisor de Vendas KZA3,17 Jul 2022
Camila,Alves Ferreira,,,,17 Jul 2022
Alef Waldeck,Martins,,Reserva,Assistente de Encantamento,17 Jul 2022
Jarbas,de Morais Ferreira Junior,,Sances,Analista de suporte técnico,17 Jul 2022
Leonardo,Fernandes,,Bradesco Seguros,Analista de Desenvolvimento Júnior,15 Jul 2022
Cleonildo ,Junior,,americanas s.a.,Desenvolvedor júnior,14 Jul 2022
Paulo Henrique,Souza,,Grupo Safira,Estagiário de dados ,14 Jul 2022
Jean,Spínola,spinolaseven@gmail.com,Bravium,Analista de dados,13 Jul 2022
Maria Clara,Porto,,Ambev,Aprendiz em Nível de Serviço,13 Jul 2022
Viniele,Lopes,,ECOA PUCRIO,Estagiária,12 Jul 2022
Ademir,Castro,,MedFutura Distribuidora e Drogaria,Data Analytics Intern,12 Jul 2022
Everson,Barros,,Grupo Projeção,Analista de Gestão Educacional - Ofertas Acadêmicas,12 Jul 2022
Yuri,Cardoso,,Comunidade DS,Cientista de dados,12 Jul 2022
Dayane,Alexandre Rodrigues,,Pontoon Solutions,Consultora de R&S,11 Jul 2022
Wagner,Lopes Cardozo,,FATEC Ourinhos Faculdade de Tecnologia de Ourinhos,Projeto Prefeitura Santa Cruz do Rio Pardo - FaTec Ourinhos SP,11 Jul 2022
Fabrício,de Mello Porto Alegre,,AnalysisMD,Analista de dados JR,11 Jul 2022
Gabriel,Guedes,,Shopee,Data Analytics Associate,11 Jul 2022
Helismar,Pereira Alves,,Senac Goiás,Gestor Comercial | Supervisor Comercial na Seção de Relacionamento com o Cliente no Senac Goiás,11 Jul 2022
Sabrina,Guimarães,,NTT DATA,Data Engineer,07 Jul 2022
Sergio Paulo,Ferreira,,Zendesk,Account Executive,05 Jul 2022
Erika,Rodrigues,,,,05 Jul 2022
Lucas,Dirk,,C6 Bank,Credit intern at c6 bank,05 Jul 2022
Ricardo,Souza,,Schneider Electric Sustainability Business,Diretor regional de operações,30 Jun 2022
Yuri,Sena,,E2E Coders,Analista de teste/QA,28 Jun 2022
Yasmin,Guanaes Farias,,Resilia Educação,Operations Leader - Student Success ,28 Jun 2022
Lilian,Mendes Ferreira,,,,28 Jun 2022
Leonardo,Martins,,Lume Tecnologia S/A,Tech Recruiter,28 Jun 2022
Vinícius,Ferraz,,Arbo,Chapter Lead de QA,26 Jun 2022
Carlos,Augustin,,WestRock Brasil,Assistente administrativo,26 Jun 2022
Beatriz,Pereira da Silva,beatrizpereira_rj@outlook.com,Autônomo,Babá,26 Jun 2022
Aline,Aparecida dos Santos,,LATAM Airlines,Assistente de Gestão Aeroportuária,26 Jun 2022
Danieli,R S Rodrigues,,Zé Delivery,Supervisora de operações,25 Jun 2022
Douglas,Tavares,,Noesis,Analista de teste/QA,24 Jun 2022
Harao,Tavares,,IBM,Data Engineer intern,24 Jun 2022
Paula,Paniago,,Agra Foods,Analista de O&M,24 Jun 2022
Andrew,Ramos,,iHUB Investimentos,SDR | SALES DEVELOPMENT REPRESENTATIVE,24 Jun 2022
Lucas,Silva,,Calcme,Desenvolvedor FullStack Jr II,24 Jun 2022
Fellipe,Castro,,Tribunal de Justiça do Estado do Rio de Janeiro,Analista Judiciário - Analista de Sistemas,23 Jun 2022
Vitor Hugo,Palmieri,,BuscaJuris,Engenheiro de dados,23 Jun 2022
Iago,Ferreira Duart,,Sabor condimentos,Operador de maquinário,22 Jun 2022
João Victor,Julião,,Imobiliária Levic,Auxiliar de escritório,22 Jun 2022
Pedro,Rocha Campos,,DISBRAPE - Distribuidora Brasileira de Produtos Educacionais,Representante comercial,21 Jun 2022
Camilla,Sampaio,,DogHero,Pet sitter,20 Jun 2022
Allyson,Santana,,TPF Engenharia,Aprendiz,20 Jun 2022
Ramon,Brito,,Grupo Boticário,Data Analyst ,18 Jun 2022
Thiago,Fraga,,Reserva,QA / Analista de testes,18 Jun 2022
Suellen,de Paula,,Grupo Boticário,Assistente de trade marketing,18 Jun 2022
Matheus,Nepomuceno,,Globo,Junior Software Developer,18 Jun 2022
Carol,Candeias,,"Instituto de Apoio à Língua, à Cultura, e à Literatura - Poiesis",Auxiliar de produção,18 Jun 2022
Ives ,Viana Fragoso,,,,18 Jun 2022
Christian,Ferreira,,Reserva,Estoquista,18 Jun 2022
Diego,Sousa Ferreira,,Autônomo,Vendedor de Mate,18 Jun 2022
Janayna ,Souza,,Localiza,Assistente de relacionamento,18 Jun 2022
Stephanie,Fernandes,,Trivium Cap,Consultor de intermediação,18 Jun 2022
Elizangela,Camargo,,Funcional Health Tech,Analista de sistemas,17 Jun 2022
Samuel,Rolim Rodrigues,,Almanaque Centro de Ensino,Coordenador,17 Jun 2022
José Luiz ,Ferreira Junior,,,,17 Jun 2022
Mariana,Lobão,,,,17 Jun 2022
Gabriel,Alves,,,,17 Jun 2022
Giulia,Brião,,Stone,Jr. Web Developer,17 Jun 2022
Érick,Vieira,,Resilia Educação,Projeto_M2 - Gestor de Conhecimento,16 Jun 2022
Maria,Silva,,Ramo,Analista Sap B1,16 Jun 2022
Bárbara,de Avelar Ferraz Prins,,Olist,Analista de Negócios e Dados,16 Jun 2022
Laura,Camargo,,G2,Gestora Técnica de Clientes,16 Jun 2022
Laura,Maria de Souza Romano,,Mobly,Analista de Supply Chain I,16 Jun 2022
Gabriel,Cincinato,,Resilia Educação,Estudante de Data Analytics,16 Jun 2022
Matheus,Barbosa Almeida,,,,16 Jun 2022
Ana Carolina,Moralles Barbosa,,Universidade Estadual de Campinas,Estudante de mestrado,16 Jun 2022
Gustavo,Ribeiro Varella,,Autônomo,Analista de TI Junior,16 Jun 2022
Patrick ,Eleoterio,,CAEL Serviços - Terceirização de Mão de Obra,Assistente administrativo,16 Jun 2022
Amanda,Alves,,TLP,Analista de CCM,16 Jun 2022
Karoline,Costa da Silva,,INCRA,Pesquisadora colaboradora,16 Jun 2022
Aline Ester,O. Gomes,,Curso de Estatística da Prof. Fernanda Maciel,Suporte de Estatística e Social Media,16 Jun 2022
Isabelle,Cavalcante,,Resilia Educação,Estudante,16 Jun 2022
Jaqueline,Damasceno,,Data Mundo,Consultora de dados,15 Jun 2022
Lucas,Canella,,,,15 Jun 2022
Esli,Queiroz,,Resilia Educação,Facilitador das Soft Skills,14 Jun 2022
João,Rosa,,One Earth - One Ocean e.V.,Coordenador de campo,14 Jun 2022
Marisa,do Carmo Silva,,datamint,Analista de desenvolvimento de sistemas,10 Jun 2022
Bruno,Guedes Da Silva,,Prefeitura Municipal de Cuitegi,Agente Censitário Municipal ,10 Jun 2022
Luiza,Sampaio,,Prefeitura Municipal de São Gonçalo - RJ ,Assistente administrativo,10 Jun 2022