Endorsement Date,Skill Name,Endorser First Name,Endorser Last Name,Endorsement Status
2022/09/01 01:18:40 UTC,SQL,João,Rosa,ACCEPTED
2022/09/01 01:18:39 UTC,Gestão de projetos,João,Rosa,ACCEPTED
2022/09/01 01:18:38 UTC,Análise de dados,João,Rosa,ACCEPTED
2022/09/01 01:18:35 UTC,Python,João,Rosa,ACCEPTED
2022/08/31 21:55:01 UTC,Linx,Amanda,Alves,ACCEPTED
2022/08/31 21:54:58 UTC,Atendimento ao cliente,Amanda,Alves,ACCEPTED
2022/08/31 21:54:57 UTC,Python,Amanda,Alves,ACCEPTED
2022/08/31 21:54:45 UTC,Viagens,Amanda,Alves,ACCEPTED
2022/08/31 21:54:37 UTC,Microsoft Office,Amanda,Alves,ACCEPTED
2022/08/31 21:54:33 UTC,Inglês,Amanda,Alves,ACCEPTED
2022/08/31 21:53:07 UTC,Microsoft Office,João,Rosa,ACCEPTED
2022/07/27 02:41:13 UTC,Atendimento ao cliente,João,Rosa,ACCEPTED
2022/07/27 02:41:06 UTC,Viagens,João,Rosa,ACCEPTED
2022/07/27 02:41:06 UTC,Inglês,João,Rosa,ACCEPTED
2022/07/05 01:12:41 UTC,Microsoft Office,Sergio Paulo,Ferreira,ACCEPTED
2022/07/05 01:12:39 UTC,Varejo,Sergio Paulo,Ferreira,ACCEPTED
2022/07/05 01:12:38 UTC,Linx,Sergio Paulo,Ferreira,ACCEPTED
2022/07/05 01:12:35 UTC,Turismo,Sergio Paulo,Ferreira,ACCEPTED
2022/07/05 01:12:34 UTC,Viagens,Sergio Paulo,Ferreira,ACCEPTED
2022/07/05 01:12:33 UTC,Inglês,Sergio Paulo,Ferreira,ACCEPTED
2022/06/23 23:57:05 UTC,Inglês,Érick,Vieira,ACCEPTED
2022/06/23 23:57:01 UTC,Varejo,Érick,Vieira,ACCEPTED
2022/06/23 23:57:00 UTC,Atendimento ao cliente,Érick,Vieira,ACCEPTED
2022/06/23 23:56:58 UTC,Linx,Érick,Vieira,ACCEPTED
2022/06/23 23:56:57 UTC,Turismo,Érick,Vieira,ACCEPTED
2022/06/23 23:56:56 UTC,Viagens,Érick,Vieira,ACCEPTED
2022/06/18 01:41:09 UTC,Microsoft Office,Stephanie,Fernandes,ACCEPTED
2022/06/18 01:41:04 UTC,Inglês,Stephanie,Fernandes,ACCEPTED
