Organization,Followed On
Clube de Vagas,Thu Nov 03 22:41:06 UTC 2022
Eleflow Big Data,Wed Oct 19 00:30:26 UTC 2022
GFTCredmais,Wed Oct 19 00:29:59 UTC 2022
Solvis,Wed Oct 19 00:29:53 UTC 2022
Valores Soluções,Wed Oct 19 00:27:21 UTC 2022
Mundiale,Tue Sep 27 16:17:46 UTC 2022
Avenue Code,Tue Sep 27 16:16:49 UTC 2022
Core Synesis,Tue Sep 27 16:16:23 UTC 2022
SIS Soluções Integradas de Sistemas,Tue Sep 27 16:15:45 UTC 2022
Grupo Services,Tue Sep 27 16:13:43 UTC 2022
Metroll Soluções em Gerenciamento,Tue Sep 27 16:13:11 UTC 2022
Gria,Tue Sep 27 16:12:20 UTC 2022
DBC Company,Tue Sep 27 16:10:43 UTC 2022
Talentify.io,Tue Sep 27 16:09:11 UTC 2022
Superdigital,Tue Aug 23 21:14:14 UTC 2022
Superdigital Brasil,Tue Aug 23 21:14:03 UTC 2022
Nityo Infotech,Mon Aug 22 14:18:49 UTC 2022
Ânima Educação,Mon Aug 22 14:17:47 UTC 2022
Empresa Confidencial,Mon Aug 22 14:16:29 UTC 2022
Tata Consultancy Services,Mon Aug 22 14:15:24 UTC 2022
Maio Marketing,Mon Aug 22 14:12:22 UTC 2022
Pixter,Mon Aug 22 13:34:53 UTC 2022
Me Poupe!,Thu Aug 18 03:54:13 UTC 2022
SONDA,Tue Aug 16 16:13:18 UTC 2022
Tindin Educação,Mon Aug 15 22:34:50 UTC 2022
Assurance IT,Mon Aug 15 22:31:57 UTC 2022
unico IDtech,Mon Aug 15 22:25:31 UTC 2022
GLOBAL HITSS ,Thu Aug 04 23:15:54 UTC 2022
Via,Wed Aug 03 22:59:41 UTC 2022
Framework Digital,Fri Jul 29 22:04:22 UTC 2022
Métricas Boss,Wed Jul 27 00:41:27 UTC 2022
Vórtx,Mon Jul 25 14:30:42 UTC 2022
Dotz,Wed Jul 20 00:28:27 UTC 2022
Refinaria de Dados,Mon Jul 18 22:56:54 UTC 2022
FiBrasil - Infraestrutura e Fibra Ótica,Fri Jul 15 17:58:26 UTC 2022
FortBrasil,Fri Jul 15 17:54:44 UTC 2022
DHUMAN Brasil,Fri Jul 15 17:48:13 UTC 2022
Data Viking,Tue Jul 12 22:29:08 UTC 2022
Just a Little Data,Tue Jul 12 22:19:57 UTC 2022
Claro Brasil,Thu Jun 30 23:09:58 UTC 2022
Revelo Brasil,Thu Jun 30 03:05:44 UTC 2022
Turing.com,Thu Jun 30 02:56:17 UTC 2022
BRQ Digital Solutions,Thu Jun 30 02:55:48 UTC 2022
kie-tec,Thu Jun 30 02:47:03 UTC 2022
JDC Tech and People,Thu Jun 30 02:45:49 UTC 2022
Globant,Thu Jun 30 00:22:22 UTC 2022
Mercado Livre,Thu Jun 30 00:22:19 UTC 2022
BuscaJuris,Thu Jun 30 00:00:43 UTC 2022
Officeless,Wed Jun 29 23:05:26 UTC 2022
Muntz Marketing de Performance,Wed Jun 29 23:03:24 UTC 2022
Rassini-NHK Automotive,Wed Jun 29 18:27:38 UTC 2022
Prod,Wed Jun 29 18:21:12 UTC 2022
Grupo Mast,Wed Jun 29 18:20:44 UTC 2022
J&T Express Brasil,Wed Jun 29 18:17:33 UTC 2022
Serasa Experian,Wed Jun 29 18:11:21 UTC 2022
Akross,Tue Jun 28 15:26:10 UTC 2022
ARC - Accelerate Recruitment,Tue Jun 28 02:06:32 UTC 2022
Vintage,Mon Jun 27 23:46:17 UTC 2022
Vitrio,Tue Jun 21 23:53:41 UTC 2022
Dataside Global,Tue Jun 21 23:52:09 UTC 2022
CESAR School,Tue Jun 21 23:23:11 UTC 2022
DIO,Tue Jun 21 22:44:06 UTC 2022
Kaggle,Tue Jun 21 22:42:05 UTC 2022
Take Blip,Sun Jun 19 12:51:48 UTC 2022
Smarthis,Sat Jun 18 20:23:11 UTC 2022
GitHub Brasil,Sat Jun 18 20:06:20 UTC 2022
NuPay for Business,Sat Jun 18 20:06:18 UTC 2022
Calindra,Sat Jun 18 01:05:16 UTC 2022
OLX Brasil,Sat Jun 18 01:03:32 UTC 2022
Banco do Brasil,Sat Jun 18 01:03:31 UTC 2022
WiDS RIO,Fri Jun 17 23:50:07 UTC 2022
Escola Conquer,Tue Jun 14 11:45:44 UTC 2022
Grupo DPSP,Wed Jun 08 23:57:33 UTC 2022
Solfácil,Mon Jun 06 03:08:49 UTC 2022
EY,Mon Jun 06 03:05:39 UTC 2022
Deloitte,Mon Jun 06 03:05:35 UTC 2022
Ikê Assistência Brasil,Wed Jun 01 12:00:45 UTC 2022
WeVets,Wed Jun 01 11:23:52 UTC 2022
Petlove,Wed Jun 01 03:22:13 UTC 2022
Localiza,Sun May 29 20:03:12 UTC 2022
Indicium,Wed May 25 20:47:23 UTC 2022
"Se Candidate, Mulher!",Thu May 19 13:11:07 UTC 2022
LM Consultoria estatística,Tue May 17 18:17:08 UTC 2022
act digital,Mon May 16 19:44:19 UTC 2022
NTT DATA Europe & Latam,Wed May 11 18:48:13 UTC 2022
Mulheres em IA - Brasil,Wed May 11 18:46:55 UTC 2022
minas programam,Wed May 11 18:46:54 UTC 2022
Stack Tecnologias,Fri May 06 13:35:03 UTC 2022
Snowflake,Fri May 06 02:39:38 UTC 2022
Escola da Nuvem,Fri May 06 02:32:59 UTC 2022
GSTEP,Wed Apr 27 18:07:36 UTC 2022
Data Mundo,Tue Apr 26 01:39:36 UTC 2022
diversiData,Tue Apr 19 03:12:45 UTC 2022
Gupy,Tue Apr 12 16:09:43 UTC 2022
CI&T,Tue Apr 12 16:00:43 UTC 2022
Neon,Tue Apr 12 16:00:42 UTC 2022
VL Consultoria,Tue Apr 12 14:32:07 UTC 2022
Data Girls - Neuron,Sat Apr 02 11:43:00 UTC 2022
Accenture Brasil,Wed Mar 30 16:15:51 UTC 2022
Data Hackers,Wed Mar 23 18:37:05 UTC 2022
Olist,Mon Mar 21 20:22:02 UTC 2022
Awari,Mon Mar 21 19:12:32 UTC 2022
XP Investimentos,Mon Mar 21 18:41:02 UTC 2022
iFood,Mon Mar 21 17:39:16 UTC 2022
BIX Tech - Data Consulting,Mon Mar 21 15:44:20 UTC 2022
Tera,Sun Mar 20 16:01:44 UTC 2022
Luizalabs,Tue Mar 15 23:39:20 UTC 2022
Grupo Alura,Tue Mar 15 23:39:18 UTC 2022
Cloud Girls ,Tue Mar 15 23:39:16 UTC 2022
FIAP,Tue Mar 15 23:39:15 UTC 2022
Dataside,Tue Mar 15 23:39:12 UTC 2022
Resilia Educação,Sun Mar 13 13:41:41 UTC 2022
PrograMaria,Fri Mar 11 23:53:06 UTC 2022
PyLadies ,Fri Mar 11 23:50:32 UTC 2022
(WiMLDS) Women in Machine Learning & Data Science,Fri Mar 11 23:50:20 UTC 2022
WoMakersCode,Fri Mar 11 23:50:12 UTC 2022
Data & Analytics Forum,Fri Mar 11 23:49:27 UTC 2022
freeCodeCamp,Tue Feb 22 18:39:32 UTC 2022
edX,Tue Feb 22 18:39:29 UTC 2022
Digital House Brasil,Tue Feb 22 18:39:28 UTC 2022
BI & Analytics Training,Fri Feb 18 17:37:42 UTC 2022
Base dos Dados,Thu Feb 17 09:51:13 UTC 2022
Mulheres em Dados,Thu Feb 17 09:33:00 UTC 2022
Let's Code from Ada,Thu Feb 17 09:32:59 UTC 2022
Data Science Dojo,Thu Feb 17 09:32:57 UTC 2022
Somos CRM Services,Wed Feb 16 19:57:20 UTC 2022
ViewB,Wed Feb 16 19:19:25 UTC 2022
EXAME,Wed Feb 16 19:05:19 UTC 2022
Data Marketing,Wed Feb 16 18:58:44 UTC 2022
Databricks,Wed Feb 16 18:56:33 UTC 2022
Hashtag Treinamentos,Thu Feb 03 13:00:50 UTC 2022
Power BI University,Thu Feb 03 13:00:47 UTC 2022
Power BI Experience,Thu Feb 03 12:57:33 UTC 2022
DATAB,Wed Feb 02 20:06:03 UTC 2022
Power BI Bootcamp,Wed Feb 02 20:06:00 UTC 2022
Microsoft Power BI,Wed Feb 02 20:05:59 UTC 2022
Data Science Academy,Wed Feb 02 18:56:50 UTC 2022
Data Science Academy,Wed Feb 02 18:56:31 UTC 2022
4zOOm - Business Solution,Fri Jan 28 18:37:00 UTC 2022
Instituto de Gestão e Tecnologia da Informação,Mon Jan 03 20:09:04 UTC 2022
Looqbox,Mon Jan 03 20:08:54 UTC 2022
Dock,Thu Nov 18 21:58:38 UTC 2021
cloud humans,Wed Oct 20 15:58:27 UTC 2021
Ietec - Instituto de Educação Tecnológica,Thu Oct 07 17:32:04 UTC 2021
Sólides Tecnologia,Thu Oct 07 17:29:30 UTC 2021
PontoCom,Thu Oct 07 16:00:57 UTC 2021
Projeto Xiaomi Brasil,Thu Oct 07 15:57:13 UTC 2021
Gen,Thu Oct 07 15:53:33 UTC 2021
Sell on Amazon,Thu Sep 23 21:03:38 UTC 2021
PicPay,Thu Sep 23 20:36:10 UTC 2021
Stone,Thu Sep 23 20:27:44 UTC 2021
Nia - Tecnologia para Negócios Imobiliários,Thu Sep 23 20:25:20 UTC 2021
Itaú Unibanco,Thu Sep 23 17:09:07 UTC 2021
Meta,Thu Sep 23 16:58:03 UTC 2021
SmartCompras,Thu Sep 23 16:35:00 UTC 2021
Accenture,Thu Aug 05 12:38:28 UTC 2021
Cacau Show,Thu Aug 05 11:46:24 UTC 2021
americanas s.a.,Thu Aug 05 11:46:22 UTC 2021
Magazine Luiza,Thu Aug 05 11:46:19 UTC 2021
Vero Internet,Sat Jun 19 20:54:13 UTC 2021
CertiProf,Sat Jun 19 20:03:23 UTC 2021
Midea Carrier,Sat Jun 19 19:54:45 UTC 2021
Oracle,Wed Jun 16 01:01:47 UTC 2021
RL&Associados,Wed Jun 16 00:50:06 UTC 2021
CAPES - Coordenação de Aperfeiçoamento de Pessoal de Nível Superior,Wed Jun 16 00:03:56 UTC 2021
IBM,Wed Jun 16 00:03:51 UTC 2021
Infojobs,Wed Jun 16 00:03:45 UTC 2021
CIEE - Centro de Integração Empresa-Escola,Wed Jun 16 00:03:44 UTC 2021
CNH Industrial,Wed Jun 16 00:01:53 UTC 2021
Sebrae,Tue Jun 15 22:24:03 UTC 2021
AMG Brasil,Tue Jun 15 20:45:39 UTC 2021
Inter,Tue Jun 15 20:14:36 UTC 2021
MRS Logística,Tue Jun 15 19:48:18 UTC 2021
Vagas.com,Tue Jun 15 19:48:15 UTC 2021
Empregos.com.br,Tue Jun 15 19:48:12 UTC 2021
Bradesco,Tue Jun 15 19:48:10 UTC 2021
Gerdau,Tue Jun 15 19:37:58 UTC 2021
USIMINAS,Tue Jun 15 19:37:52 UTC 2021
Dinâmica Consultoria Empresa Júnior,Tue Jun 15 19:35:51 UTC 2021
BOZEL BRASIL,Tue Jun 15 18:39:38 UTC 2021
Néos Desenvolvimento,Tue Apr 27 17:45:34 UTC 2021
Ormec Engenharia,Wed Apr 21 21:51:24 UTC 2021
Algar Telecom,Wed Apr 21 21:42:18 UTC 2021
Universidade Federal de São João del-Rei - UFSJ,Thu Jan 10 18:55:14 UTC 2019
Criare Tecnologia,Thu Oct 05 16:31:09 UTC 2017
Amazon,Wed Oct 04 18:59:22 UTC 2017
Meta,Wed Oct 04 18:59:13 UTC 2017
Google,Wed Oct 04 18:59:06 UTC 2017
Netflix,Wed Oct 04 18:58:43 UTC 2017
Nubank,Wed Oct 04 18:58:33 UTC 2017
California State University - East Bay,Thu Sep 28 11:29:27 UTC 2017
Apiki WordPress,Tue Sep 12 00:06:16 UTC 2017
Agência Abr,Tue Sep 05 01:20:54 UTC 2017
IGATE,Tue Sep 05 00:51:57 UTC 2017
Porto DEl Rey Laticinios,Tue Sep 05 00:47:40 UTC 2017
Safetline,Tue Sep 05 00:32:50 UTC 2017
Marluvas Equipamentos Profissionais,Tue Sep 05 00:32:57 UTC 2017
Grupo Ascenário Energia,Tue Sep 05 00:28:20 UTC 2017
Raízen,Fri Sep 01 20:26:57 UTC 2017
One,Fri Sep 01 20:26:20 UTC 2017
Grupo RBS,Fri Sep 01 20:26:18 UTC 2017
Dock,Fri Sep 01 20:26:15 UTC 2017
Service IT.,Fri Sep 01 20:26:12 UTC 2017
Icaro Tech,Fri Sep 01 20:26:08 UTC 2017
RW3 Tecnologia,Fri Sep 01 20:25:31 UTC 2017
Quantic,Fri Sep 01 20:24:37 UTC 2017
"Quantic Soluções - Gestão de energia, água e Qualidade do ar interior",Fri Sep 01 20:24:28 UTC 2017
HiUP Tecnologia,Fri Sep 01 20:24:18 UTC 2017
TI Services Networks,Fri Sep 01 20:22:44 UTC 2017
Thomson Reuters Brasil,Fri Sep 01 20:13:29 UTC 2017
"Instituto Federal de Educação, Ciência e Tecnologia do Sul de Minas Gerais",Fri Sep 01 20:09:58 UTC 2017
"Instituto Federal de Educação, Ciência e Tecnologia do Sudeste de Minas",Tue Aug 08 14:02:40 UTC 2017