Notes:
"When exporting your connection data, you may notice that some of the email addresses are missing. You will only see email addresses for connections who have allowed their connections to see or download their email address using this setting https://www.linkedin.com/psettings/privacy/email. You can learn more here https://www.linkedin.com/help/linkedin/answer/261"

First Name,Last Name,Email Address,Company,Position,Connected On
Bruno,Marques Lino,,Triad Systems,Business Intelligence Analyst,26 Oct 2022
João Gabriel,Oliveira de Souza,,Data Mundo,Analista de dados,26 Oct 2022
Letícia,Morais,,TDW Bi Consulting,Analista de dados,22 Oct 2022
Glebyson,Lima dos Santos,,Data Mundo,Consultor de BI,21 Oct 2022
Igor,Esposito,sposigor@gmail.com,BlueShift Brasil,Engenheiro de dados,20 Oct 2022
Isaque,Andrade,,Softtek,AMS - Business Intelligence Analyst,20 Oct 2022
Matheus,Costa,,MovilePay,Planejamento Comercial,20 Oct 2022
Ícaro ,Rangel,,Continental,Analista Pleno de Controladoria,20 Oct 2022
Simone,Nunes,,Lojas Quero-Quero S.A.,Analista Contábil de Homologações Pl,20 Oct 2022
Nubia,Stein Kuhn,,Ashling Hotel Dublin,Bartender,19 Oct 2022
Marcos,Alves,,Data Mundo,Analista de dados,19 Oct 2022
Rômulo,Neves,,Data Mundo,Consultor de BI,19 Oct 2022
Vinícius,Vacari de Brum,,Data Mundo,Analista de dados,19 Oct 2022
Arthur,Pavezzi,,Solvis,Analista de Dados junior,19 Oct 2022
Leonardo,Novack Vieira,,Data Mundo,Consultor de BI ,19 Oct 2022
William,Alves,,Data Mundo,Analista de dados,19 Oct 2022
Luama,Araujo,,Data Mundo,Analista de dados,19 Oct 2022
Joao Pedro,Eler,,Data Mundo,Analista de dados,18 Oct 2022
Paulianne,Fontoura,,Aurum Software,Análise de dados - CX Ops,18 Oct 2022
Lucas,Ordane,,Data Mundo,Consultor de dados,18 Oct 2022
Renatta,Batista,,Autônomo,Advogada ,18 Oct 2022
Fabiane,Carone,,Data Mundo,Analista de dados,18 Oct 2022
Bruna,Barbosa,,Data Mundo,Consultora de dados,17 Oct 2022
Kely,Torcate,,Data Mundo,Analista de BI,17 Oct 2022
Amanda,Santos,,Raízen,Analista de projetos TI Jr,17 Oct 2022
Ronald,Gaspar Leon,,EasyWebinar,Marketing Assistant,17 Oct 2022
MARCOS BRUNO,MENDES,,Blutrafos,Engenheiro mecânico,17 Oct 2022
Yasmin,Braga,,Data Mundo,Analista de dados,14 Oct 2022
Aman,Sharma,,KPMG India,Data Analyst,09 Oct 2022
Alex,Kolokolov,,Institute of Business Intelligence,Founder | CEO,04 Oct 2022
Leonardo,Almeida de Araújo,,Blue Hat Geeks,DevOps Developer Engineer,28 Sep 2022
Thiago,Vasconcelos,,Prefeitura Municipal de Caruaru,Assistente administrativo,28 Sep 2022
Rafael,Barreto França,,Lustres Online,Analista de E-Commerce,23 Sep 2022
Letícia,Dumêt Passos,,INTERA | Talent Hacking,Business Analyst,19 Sep 2022
Daiane,Pereira de Souza,,Alfa,Analista de TI,16 Sep 2022
Leonardo,Barbosa Coelho,lbarbosacoelho@gmail.com,WAM,Analista de negócios,16 Sep 2022
Elaine Marie,Jocarelli,,Claro Brasil,Coordinator of Machine Learning & Analytics Engineering,16 Sep 2022
Liana,Sampaio Inhauser,,Claro Brasil,Senior Data Analytics Consultant,15 Sep 2022
Matheus de Almeida,Cantarutti,,RD,Farmacêutico,15 Sep 2022
Pedro,Zandonai,,Self-employed,English Language Teacher,15 Sep 2022
Felipe,Gualniéri,,Times Idiomas,Diretor Distrital,15 Sep 2022
Leandro,Barros,,FM2S Educação e Consultoria,Estudante voluntário,09 Sep 2022
Luiz Eduardo,LS,,Predlub ,Analista de dados de negócios,08 Sep 2022
Rafaela,Oliveira,,Letrus,Analista/Engenheira de Dados Jr.,06 Sep 2022
André Luiz,Bernardes,andreluizbernardess@gmail.com,Bayer,Patient Experience | Analytic,06 Sep 2022
Eduarda,Vieira,,SIEDOS - Sistemas e Resultados,Analista de sistemas,31 Aug 2022
Anicely,Santos,,Escola de Dados,Apoio Pedagógico,28 Aug 2022
Ludmila,Sousa Leal,,ConectCar Mobilidade Eletrônica,Analista de dados,24 Aug 2022
Érika,Santos,,BlueShift Brasil,Data Enginner,24 Aug 2022
Rodrigo,Alves Damasceno,,TOTVS Brasil Central,Analista de Indicador e Performance,24 Aug 2022
Láuren,Amorim Pivetta,,Data Mundo,Analista dados/BI,23 Aug 2022
Victor,Lisboa,,Consultoria Victor Lisboa,Consultor de BI,22 Aug 2022
Alexandre,Bianco,alexandre.bianco@gmail.com,GLOBAL HITSS,Information Technology Operations Manager,21 Aug 2022
Vitor,Pinheiro,,Wiser Tecnologia,Coordenador MIS | BI,20 Aug 2022
Barbara,Lemos,,DataforAll,Data Quality Analyst,20 Aug 2022
Djemison,Nakao,,Hardcore Digital,Gestor de Tráfego Júnior,19 Aug 2022
Rafael,Bertti,,Data Mundo,Analista de dados,19 Aug 2022
José,Maury,,Data Mundo,Analista de dados,19 Aug 2022
Aléxia,Fontes ,,E-Dialog Comunicação Digital,Consultora de Negócios,19 Aug 2022
Patricia,Duran,,WoMakersCode,Aluna do Programa de Formação em Data Analytics,19 Aug 2022
ALAN,AUGUSTIN,,BIX Tecnologia - Consultoria de Dados,Consultor de BI | Analista de BI | Analista de Dados | Analista de Negócios,19 Aug 2022
Luísa,Ferraz,,S3 SERVICOS DE ENGENHARIA LTDA,Analista de planejamento financeiro,19 Aug 2022
Gustavo,Rodrigues,,99,Operations Intern,18 Aug 2022
Vinicius,Oliveira,,Uze,Analista de MIS,18 Aug 2022
Mateus,Rabelo Horta,,Maxbot,Gerente de operações empresariais,18 Aug 2022
Geizi,Félix,,Prefeitura Municipal de Itaverava,Engenheiro ambiental,18 Aug 2022
Victor Luis,Barbosa,,Dante Maron Certificação Digital,Agente de Registro,17 Aug 2022
Gabriela,Futemma,,DGT Consultoria,RPA Consultant | RPA Developer Senior,17 Aug 2022
Danielle,Gaspar,danielle.aquinno36@gmail.com,Viação Cometa S.A.,Recepcionista,17 Aug 2022
Mariana,Mourão,,Keyrus,Analista de dados,17 Aug 2022
Alessandra,Miliatti,,RD,"Gerente Aprendizagem Digital (Tech, Negócios Digitais e Data)",06 Aug 2022
Daniel,Eliano,,Rumo,Analista de Indicadores e Dados,06 Aug 2022
Ana Julia,Brites Alves,,IFF - Instituto Federal Fluminense,Monitora,05 Aug 2022
Paula,Rechtman,,Amazon Web Services (AWS),Head of Startups & Venture Capital - Business Development,05 Aug 2022
Luciano,Diettrich,,Claro Brasil,Advanced Analytics Director,05 Aug 2022
Marcio,Paiva,,Global Hitss,Gerente Executivo de  Bigdata & Analytics,05 Aug 2022
Lívia,Bukolts,,RD,Product Designer,05 Aug 2022
Eliane,Zuin,,Claro Brasil,HR Business Partner,05 Aug 2022
Joelson,da Costa,,,,04 Aug 2022
Robson,Rosa,,M79 Data & Analytics,Business Intelligence Analyst,03 Aug 2022
Sabrina,Vaz,,,,02 Aug 2022
Leonardo,Santos,,Castropil Embalagens Descartáveis,Assistente comercial,02 Aug 2022
Lucas,Proença,,Data Mundo,Analista de dados,01 Aug 2022
Rômulo,da Cunha Lima,,Associação Brasileira do Hidrogênio,Vice-Diretor Financeiro (voluntário),31 Jul 2022
Suzana,Kubric,,Nubank,Global Human Resources Vice President,30 Jul 2022
Paula,Martins,,Ernesto Borges Advogados,Supervisor de Cadastro,29 Jul 2022
Lucas,Ribeiro,,QDOIS - Data Intelligence,Consultor de BI,29 Jul 2022
João Pedro,Lavor,,Stack Tecnologias,Cientista de dados júnior 2,29 Jul 2022
Nicoly,Almeida,,Positivo Tecnologia,Cientista de dados,29 Jul 2022
Breno,Cunha Michilizzi,,Sonda Supermercados,Conferente,29 Jul 2022
Lucas,Poll,,Freelance,Consultor de BI,29 Jul 2022
Camila,Santos,,Métricas Boss,Assistente de Business Analytics,29 Jul 2022
Ricardo,Varela Filho,,Força Aérea Brasileira - FAB,Military,28 Jul 2022
Rafael,Pilan,,Faculdade de Tecnologia de Botucatu (FATEC),Professor do ensino superior,28 Jul 2022
Matheus,Jandrey,,Data Mundo,Consultor de BI,28 Jul 2022
Thiago,Xavier Andrade,,IBM,Business Intelligence Consultant,28 Jul 2022
Leonardo,Teixeira Bastos,,Autônomo,Analista de Mídia de Performance,28 Jul 2022
Pedro Henrique ,Roque Florentino,,DHL,Assistente de Logística,28 Jul 2022
Giovani,Colodetti,,Logus Sistemas,Desenvolvedor de software,28 Jul 2022
Matheus,Souza,,Arbit,Consultor Business Intelligence,28 Jul 2022
Gabriel,Valerio Silva,,O Novo Mercado,Assistente de operações,28 Jul 2022
Matheus,Vasconcellos,,Yalo,Senior Data Scientist,28 Jul 2022
Cassio,Xavier,,CX Consultoria,Consultora de BI,28 Jul 2022
Marcelo,Vianna,,Elaw Tecnologia S.A.,Analista de BI,28 Jul 2022
Arthur,Marchi Moreira,,Looplex,Analista de dados,28 Jul 2022
Diogo,Moura,,Data Mundo,Analista de dados,28 Jul 2022
Kaique ,Pinho,,Uyemura Advogados,Analista de Dados Jurídicos,27 Jul 2022
Bruno,Kubiack,,Pmweb,Coordenador de Web Analytics / Métricas CRO,25 Jul 2022
Bruna,Leardini,,Itaú Unibanco,Engenheira de software,25 Jul 2022
Nadja,Pereira,nadja.pereira.redes.sociais@gmail.com,IBM,Junior Web Analytics Developer,25 Jul 2022
Henrique,Fietz,,Escola Korú,Mentor,25 Jul 2022
Dione,Nascimento,,Companhia Siderúrgica do Pecém,Analista de gestão,22 Jul 2022
Danilo,Ciciliotti,,Microsoft,Microsoft Most Valuable Professional (MVP) - Business Applications,22 Jul 2022
Velber,Nogueira,,ENOVA SERVICE - TRADING,Analista de Inteligência de Mercado Júnior,21 Jul 2022
Vitória,Vicente,,Just a Little Data,Analista de BI Jr.,21 Jul 2022
Emanuel,Santos,,ELS Analytics,Consultor de Business Intelligence,21 Jul 2022
Bruno,Calixto,,E-Growth Consult,Gerente de projetos de BI,21 Jul 2022
Jonathan,Dantas,,Fóton Informática S.A.,Data Modeler,21 Jul 2022
Jefferson,Alves,,Autônomo,Sócio  Dados Criativos ,21 Jul 2022
Rodolfo ,Macedo,,Não Aplicavel,Cirurgião-dentista,21 Jul 2022
Élidy,Izidio,,A3Data,Engenheira de dados,20 Jul 2022
Diego,Miguel,,DHUMAN Brasil,Head de projetos para RH / HR-BPO,20 Jul 2022
Dayson,Nascimento,,datamint,Cientista de dados,20 Jul 2022
Guilherme,Fontoura,,Panpharma Distribuidora de Medicamentos,Logístico,19 Jul 2022
Daniel,Lopes Gennari,,Otacilia Imoveis,Assistente de serviços administrativos,17 Jul 2022
Thiago F F,Curado,,Certsys ,Data Analyst,16 Jul 2022
Gabriel,Reis,,Dotz Inc.,Analista de Analytics Jr,15 Jul 2022
Gustavo Henrique,Tomanik,,Bradesco,Cientista de dados pl,15 Jul 2022
Ederlan,Magri,,Kuhlmann Tecnologia & Monitoramento Agrícola,Coordenador de inteligência ,15 Jul 2022
Thiago,Oliveira,,BlueShift Brasil,Data Engineer trainee,15 Jul 2022
Jaqueliny,Freire Maia,,BlueShift Brasil,Trainee de Data Scientist,15 Jul 2022
Eduardo ,Moreni Lopes,,BlueShift Brasil,Engenheiro de Dados Trainee,14 Jul 2022
Paulo Vitor,Lobo,,BTEC CONSTRUÇÕES LTDA,Técnico de segurança,14 Jul 2022
Simone,Simões,,Tecnogate Informática,Business Intelligence Analyst,14 Jul 2022
Luciano,Ungaro,,Corretor de imóveis,Autônomo,14 Jul 2022
Gustavo,"Carvalho, CEA",,NEC Energia,Business Analyst,13 Jul 2022
Maria Carolina,Donato,,BlueShift Brasil, Consultant Business Intelligence  | Power Plataform,13 Jul 2022
Juliana,Falcão,,Polícia Civil da Bahia,Assistente de estatística,12 Jul 2022
David,Neves,,Alura,Líder técnico,12 Jul 2022
Felipe,Silva,,Data Mundo,Consultor de BI,12 Jul 2022
Isaac,Ângelo,,SP intervention,Analista de BI,12 Jul 2022
Luana,Cristina Longo,,Data Mundo,Consultora - análise de dados,12 Jul 2022
Yuri ,Iwai,,Data Mundo,Consultor de BI,12 Jul 2022
Joannyta,Reis,,Bolo Tipo Inglês,Empreendedora Individual,12 Jul 2022
Mateus,Oliveira,,NTT DATA,JUNIOR ENGINEER TECHNOLOGY,11 Jul 2022
Claudio,Filho,,TOP DIGITAL - COMUNICAÇÃO VISUAL - GRÁFICA - TOLDOS,Arte-Finalista,10 Jul 2022
Carolina,Silveira,,MRV&CO,Assistente - Gestão Estratégica,07 Jul 2022
Jean Rodrigo,Teixeira,,Freelance,Professor de matemática,07 Jul 2022
Rafael,Miranda,,Agile.Inc ,Agile Coach,05 Jul 2022
Vinícius,Souza,,,,04 Jul 2022
Rodrigo,Araújo,,Leroy Merlin,Analista de Gestão SR,04 Jul 2022
Guilherme,Bizzo,,Zurich Insurance Company Ltd,Head of Zurich International Programs for Brazil and CI Operational Excellence ,01 Jul 2022
Joaquim,Fortunato,,Dersalis,Pesquisa e Análise de Dados,01 Jul 2022
Abner,De Oliveira Borges,,Data Mundo,Consultor de BI (freelance),01 Jul 2022
Thiago,Generoso,,Boa Vista,Coordenador Engenharia de Dados e Big Data,30 Jun 2022
,,,,,30 Jun 2022
Bruno,Moreira,,Bradesco,Cientista de Dados,30 Jun 2022
Claudenilson ,Rodrigues de souza ,,,,30 Jun 2022
Erick Matheus,Ferreira de Carvalho,,Itaú Unibanco,Analista de Ciência de Dados JR,30 Jun 2022
Roberto,Castro,,Freelance,Analise de Dados,30 Jun 2022
Sabrina,Lopes,,Globo,Líder de tecnologia,30 Jun 2022
Bianca,Amaral,,Tely,Assistant Controller,30 Jun 2022
Lucas,Souza,,4Data Driven,Data viz intern,30 Jun 2022
Ricardo,da Silva,,BRF,Analista Admistrativo Senior ,30 Jun 2022
Daniel,Bastos,,Fluency Academy,Media Purchasing and Performance Coordinator,30 Jun 2022
Arthur,Caldas,,Pearson Latam,Data Scientist,30 Jun 2022
Rômulo,Távora,,Semantix AI,Analista de Dados Senior,30 Jun 2022
Guilherme,Fernandes,,Villares Metals,Sales Administration Analyst,30 Jun 2022
Jhonny,Mineu,,S.I.N. Implant System,Analista de planejamento estratégico jr,29 Jun 2022
Gustavo,Mendes Generoso,,Muntz Creative Thinking,Analista de dados Jr.,29 Jun 2022
Mayara ,Triveloni,,IBM,Junior Data Scientist,29 Jun 2022
João Vitor,de Oliveira,,Blue Avenir GmbH,Principal Engineer,29 Jun 2022
Vancrilio,Marques,,A3Data,Tech Lead Data Engineer,29 Jun 2022
Douglas,Saldanha de Souza,,Cast group,Analista de Monitoramento,29 Jun 2022
Túlio,Teodoro,,Morphus Segurança da Informação,Information Security Assistant,29 Jun 2022
Caio,Barbosa Mota,,MINEHR | People Analytics,Engenheiro de dados,29 Jun 2022
Liana,de Castro,,Indra,Analista de dados,29 Jun 2022
Rafael,Thomaz,,SA365,Coordenador de BI,29 Jun 2022
Gabriel,Leite Angelo Neiva,,TOTVS,Analista II de Suporte Hospitality,29 Jun 2022
Andressa,Soares,,Iteris Consultoria e Software,Data Scientist,29 Jun 2022
Felipe,Furtado Geraldo,,Mylo Estúdio ,Técnico de operações,29 Jun 2022
João,Alves Jr.,,Microsoft,Sr. Account Executive for Manufacturing,29 Jun 2022
Thais,Souza,,Electrolux,IT Data Analyst,29 Jun 2022
José,Santos,,Exadata Solutions,Business Intelligence Consultant,29 Jun 2022
Hellen,Medeiros,,IBM,Data Scientist Consultant,29 Jun 2022
Raul,Battistini,,City Connect BR ,Desenvolvedor web júnior,29 Jun 2022
Jefferson  João,Santos,,C&S Analytics,Analista de dados ,29 Jun 2022
Jucelia,Aragão,,Samsung Electronics,Suporte técnico Tech TV,29 Jun 2022
Glauber,santos,,Vivo (Telefônica Brasil),Instalador LA ,29 Jun 2022
Bianca,Malta,,WoMakersCode, Aluna do Programa de Formação em Data Analytics,29 Jun 2022
Patricia,Sala,,Microsoft,Business Strategy Director and Chief of Staff,29 Jun 2022
Pedro,Lima,,Rock Content,Data Analyst,29 Jun 2022
Pedro,Rocha Campos,,DISBRAPE - Distribuidora Brasileira de Produtos Educacionais,Representante comercial,29 Jun 2022
Kelch,Monteiro,,GLOBAL HITSS ,Analista Cloud I,29 Jun 2022
Marcos Paulo,Moretti,,Itaú Unibanco,Data Scientist,29 Jun 2022
Francini,Sant'Ana🏳‍🌈,,Vitrio, Analista de Inteligência de Dados,29 Jun 2022
Jeferson,Pierini,,TRANSPANORAMA TRANSPORTES,Analista de Business Intelligence (PowerBI) - Controladoria,29 Jun 2022
Willian ,Ventura,,Prefeitura Municipal de Colatina,Engenheiro Civil - Analista,29 Jun 2022
Fabio,Souza,,Idehm Instituto de Ciência e Tecnologia,Analista de Dados e Processos,29 Jun 2022
João Victor,Da Silva Mendes,,,,29 Jun 2022
Vinícius,Alboneti Aguiar,,Centro de Excelência em Inteligência Artificial (CEIA) & Deep Learning Brasil,Machine and Deep Learning Researcher,29 Jun 2022
Rafael,Ribeiro,,ArcelorMittal,Arquiteto de Tecnologia e Transformação Digital,29 Jun 2022
Tiago,Fujii,,Deloitte,Cientista de dados,29 Jun 2022
Andre,Barbosa,,Infleux,Analista de Dados ,29 Jun 2022
Harumy,Yokota,,Honda Brasil,Especialista de Planejamento e Controle de Processos,28 Jun 2022
Jessica,Schmitz,,Bravium,Analista de Dados Pleno,28 Jun 2022
Priscila,Luna ,,Raccoon Marketing Digital,Data Science Intern,28 Jun 2022
Wagner,Xavier,,Globo,Gerente de experiência do usuário,28 Jun 2022
Aline,Marcondes (ela/dela),,Shopee,Talent Acquisition Coordinator,28 Jun 2022
Bruno,Budim da Silva,,Mercado Livre,Analista de dados,28 Jun 2022
Liliane,Bertolini,,Inter,Analista de BI Pleno,28 Jun 2022
Luíza,Sabchuk,,IBM,Cientista de Dados - Early Associate,28 Jun 2022
Fábio ,Clericuzi ,,MV,Analista de suporte júnior,28 Jun 2022
Carlos,Vinicius,,Zurich Insurance Company Ltd,Manager of Counter-Fraud(Brazil),27 Jun 2022
Savio,Rodrigues Merlin,,Azul Linhas Aéreas Brasileiras,Analista Comercial Sênior,27 Jun 2022
Michel,Diego,,Machine Data Analysis,Analista de dados,27 Jun 2022
Juliana,Araújo,,Accenture,Data Science Analyst,27 Jun 2022
Elaine,Candido da Silva,,Dataside,Jr Data Engineer,27 Jun 2022
Jeová,Ramos da Silva Junior,,Gabriel,Computer Vision Engineer,27 Jun 2022
Carlos,Augustin,,WestRock Brasil,Assistente administrativo,27 Jun 2022
Marcela,Precinotto,,Nubank,Senior Business Analyst,27 Jun 2022
Raul,Pontello,,Meta,Data Scientist,27 Jun 2022
Renato,Mariano,,Rede Globo,Coordenador de Inteligência e Performance,27 Jun 2022
Silvana,Bahia,,Olabi ,Codiretora executiva,27 Jun 2022
Guilherme,Canfield de Almeida,,Escola DNC,Data Scientist (student),27 Jun 2022
Rafael,d'Ávila,,Microsoft,"Sales Director - Financial Services Industry, Brazil",27 Jun 2022
Vinícius,Hugenthobler,,Vitta,Data Engineer,27 Jun 2022
Mateus,Brandão da Costa,,Control Aut Tecnologia em Automação Eireli ,Engenheiro Eletricista,27 Jun 2022
Graziele,Rodrigues,,,,27 Jun 2022
Luciana,Rodrigues,,CI&T,Data & Analytics Specialist Master,26 Jun 2022
Raian,Porto Vilela,raianrpv@gmail.com,Eletrobras,Analista de sistema,24 Jun 2022
,,,,,23 Jun 2022
Luiz Gabriel,da Silva Santana,,Comunidade DS,Cientista de dados,23 Jun 2022
Jésya,de Lima,,,,23 Jun 2022
Victor Gabriel,Araujo ,,ALFA Sistemas de Gestão (ERP SAP Business One),Data-analyst,23 Jun 2022
Luciana ,Lucindo,,C&A Brasil,Merchandiser visual,23 Jun 2022
Jordy,Edson,,E-novasys,Analista de BI ,23 Jun 2022
Vitor Hugo,Palmieri,,BuscaJuris,Engenheiro de dados,23 Jun 2022
Victor,Fernando Rodrigues,,Santander Brasil,Data Engineer Pleno - Risco de Crédito,23 Jun 2022
Camilla,Sampaio,,DogHero,Pet sitter,23 Jun 2022
Natasha,Machado Araujo,,Light,Analista de Dados e Indicadores,22 Jun 2022
Lucas,Bispo,,Itaú Unibanco,Analista de dados,22 Jun 2022
Daniel,Viegas ,,Simple2u Seguros,Estagiário de Inteligência de Mercado e Analytics,22 Jun 2022
Pedro,Olivieri Assed,,Trend BI Consulting,Business Intelligence Analyst,22 Jun 2022
Marcos,Wesley,,Gupy,Data Engineer,22 Jun 2022
ANTONIO FABRICIO,SANTIL MACHADO,,Kumulus,Data Engineering & Analytics,22 Jun 2022
Jessika,Leal,,Autoglass - Brasil,Analista de dados,22 Jun 2022
Vanessa,Schnee,,Resilia Educação,Customer Success - Área de Novos Negócios,22 Jun 2022
Andre,do Carmo,,Bem Promotora,Data Analytics Pleno,22 Jun 2022
Mateus,M Rodrigues,,Lima Consulting Group,Tech Solutions Engineer and Consultant,22 Jun 2022
Manoel,Alves,,CESAR,Senior Data Scientist,21 Jun 2022
Rodrigo,Cruz,,Studio Visual,Full-stack Developer,21 Jun 2022
Luiz Philippe,Tavares Monferrari,,Ânima Educação,Data Scientist,21 Jun 2022
Talita,Nieps,,Pecege,Data Analyst - Marketing,21 Jun 2022
Rafael,Zenorini 智海飞,,Banco Modal,Partner & Head of Data Science,21 Jun 2022
Ivan,Falcão,,everis,Specific Knowledge Specialist - N2,21 Jun 2022
Jussara,Ribeiro,,Traço Leal Publicidade e Consultoria,Atendente Comercial,21 Jun 2022
Matheus Yuri,Bertoti,,Lojas Quero-Quero S.A.,Estágio Talento - Data Science,21 Jun 2022
Isabelle,Cavalcante,,Resilia Educação,Estudante,20 Jun 2022
Allyson,Santana,,TPF Engenharia,Aprendiz,20 Jun 2022
Gustavo,Nassau,,Take Blip,Data & Business Intelligence Leader,20 Jun 2022
Matheus,Barbosa Almeida,,,,20 Jun 2022
Eduardo,Reis de Lima,,Tavola Holding,Analista de dados,20 Jun 2022
Matheus,Tenório,,Scoutfy,Data Mining - Associate Researcher - Panorama of Sports Ecosystem,20 Jun 2022
Letícia,Smirelli,,DATAB,Chief Product Officer (CPO),19 Jun 2022
Nathália,Tito,,Globo,Sr Data Scientist,19 Jun 2022
Adriana Kumiko,Takahagui,,Via,Business Analytics Sr,19 Jun 2022
Diego,Renan,,OSBR - Optimus Serviços do Brasil,Cientista de dados Pleno,19 Jun 2022
Paula,Bezerra Feitosa,,Brasil Esquadrias,Financial Assistant,18 Jun 2022
Lindberg,Gualberto Ferreira,lindberggf@gmail.com,Tempest Tecnologia (Contratação como PJ),Engenheiro de dados,18 Jun 2022
Alexandre,Minato,,F1RST Tecnologia,Superintendente executivo - Head Data & Advanced Analytics,18 Jun 2022
Daniel,Dantas,daniel.dantas.a.r@gmail.com,Branvier,Analista de dados | Gestor de projetos,18 Jun 2022
Irina,Summey,,Thermo Fisher Scientific,Senior Analyst,18 Jun 2022
Gledson,Picharski,,QuintoAndar,Gerente de Ciência de Dados,18 Jun 2022
Lucas,Galindo,lukasrenan2009@hotmail.com,Alvin,Data Engineer/Software Engineer - Data Platform company,18 Jun 2022
Bruno,Menendes,,Semantix Inc,Big Data Engineer,18 Jun 2022
Edson,Santos,,Vector Informática,Técnico de Suporte Implantação,18 Jun 2022
Raphael,Reis,,Pottencial,Analista de dados Pleno,18 Jun 2022
Everton,Damião,,Zion Logtec,Analista de dados Jr.,18 Jun 2022
Marcus ,Vinicius,,Volvo Group,Material Controller,18 Jun 2022
Lívia,Oliveira,,Vibra Energia,Data Analysis Intern,18 Jun 2022
Ricardo,Silva,,UNCISAL - Universidade Estadual de Ciências da Saúde de Alagoas,Analista financeiro,18 Jun 2022
Vinícius,Lisboa,,Governo do Estado da Paraíba,Professor,18 Jun 2022
Paulo,Yokoyama,,BuscaJuris,Engenheiro de dados,18 Jun 2022
Eduardo,Bello,,INDICO,Analista de dados sênior,18 Jun 2022
Yann,Rodrigues,,Fcb - Transportes E Logistica,Auxiliar Operacional,18 Jun 2022
Larissa,Borges Moraes,,Hospital Sírio-Libanês,Analista de dados,18 Jun 2022
Livia,Mattos,,americanas s.a.,Data Analyst,18 Jun 2022
António C.,da Silva Júnior,,Grupo Boticário,Cientista de Dados Especialista I,18 Jun 2022
Carol,Candeias,,"Instituto de Apoio à Língua, à Cultura, e à Literatura - Poiesis",Auxiliar de produção,18 Jun 2022
Filipe,Vitorino,,Sicredi,Especialista digital,18 Jun 2022
Igor,Diniz,,Vert Soluções em TIC,Senior Data Scientist,18 Jun 2022
Matheus,Moreira,,Involves,Data Quality Assistant - CX,17 Jun 2022
Gustavo,Ribeiro Varella,,Autônomo,Analista de TI Junior,17 Jun 2022
Ana Carolina,Moralles Barbosa,,Universidade Estadual de Campinas,Estudante de mestrado,17 Jun 2022
Elizangela,Camargo,,Funcional Health Tech,Analista de sistemas,17 Jun 2022
Michele,Bittencourt Pereira,,Neon,Dev Back End I,16 Jun 2022
Mariana,Lobão,,,,16 Jun 2022
José Luiz ,Ferreira Junior,,,,16 Jun 2022
Rodrigo,Orgeda,,Vert Soluções em TIC,Data Scientist,16 Jun 2022
Anna,Del Rio 💙,,Neon,Analista de Experiência do Cliente Jr.,16 Jun 2022
Fernando,Ribeiro,,Projeflex Engenharia,BI Analyst,16 Jun 2022
Claudeilton,Dantas,,Supero - Melhores Times. Melhores Soluções.,Desenvolvedor Web/Java,16 Jun 2022
Aline Ester,O. Gomes,,Curso de Estatística da Prof. Fernanda Maciel,Suporte de Estatística e Social Media,16 Jun 2022
Nina,Alves,,CI&T,HR Business Partner Manager,16 Jun 2022
Laura,Camargo,,G2,Gestora Técnica de Clientes,16 Jun 2022
Rodrigo,Santana Ferreira,,iRestify,Senior Data Engineer,16 Jun 2022
Marcus Vinícius,Oliveira Palheta,,Sicoob,Coordenador de Modelagem de Riscos,16 Jun 2022
Camilo Sergio,Regis Macedo,,Serede,Técnico de telecomunicações,16 Jun 2022
Mateus,Nadal,,EZB Solutions,Software Developer,15 Jun 2022
Patrick ,Eleoterio,,CAEL Serviços - Terceirização de Mão de Obra,Assistente administrativo,15 Jun 2022
Dayane,Brito,,Reserva,Caixa,15 Jun 2022
Michele,Caramigo,,Montreal/Prodesp,Analista de processos,15 Jun 2022
Carla,Motta,,Impacta LawTech,Analista de dados,15 Jun 2022
Mathias,Lorenzo,,Sicoob MaxiCrédito,Analista de BI Pleno,15 Jun 2022
Sandra,Gonçalves ,s.mportogm@gmail.com,Polyorganic Tecnologia Ltda.,Analista de Compras,15 Jun 2022
Kartik Mehta,"MBA, BBA 🇨🇦",,Southern Alberta Institute of Technology (SAIT),Data analytics Student,14 Jun 2022
Antonio,Chávez Campos,,Frubana,Online Acquisition Analyst LATAM,14 Jun 2022
Ismael Henrique,Araújo Santana,,DER - Departamento de Estradas de Rodagem do Estado de São Paulo,Assistente administrativo,14 Jun 2022
Marcia,Pires,,Espro,Instrutora de Treinamento Profissional ,11 Jun 2022
Adélio,Kenzo,,,,10 Jun 2022
Priscila,Caruso,,Ericsson,Support Engineer,10 Jun 2022
Victória,dos Santos Gomes,,IBM,Associate Data Engineer Intern,09 Jun 2022
Paula,Paniago,,Agra Foods,Analista de O&M,06 Jun 2022
Assis,Queiroz,,Tga Contrução e Segurança Viária ,Analista de dados,06 Jun 2022
Giovanna,Zaccolon,,Gucar ,Software Developer,06 Jun 2022
Gustavo,Moisinho Santos,,EY,Senior IT Projects Analyst,06 Jun 2022
Gisele,Oliveira ,,ASSESPRO - RJ,Estagiária,03 Jun 2022
Pablo,Gomes dos Santos,,Venidera,Desenvolvedor full stack,03 Jun 2022
Thiago,Amorim,,Take Blip,Análise de Performance e Inteligência de Negócios,02 Jun 2022
Alexandre,Chaves Nunes,,Tata Consultancy Services,Soluction Architect Analytics ,02 Jun 2022
Lucas,Barbosa de Souza,,Data Mundo,Analista de dados,02 Jun 2022
Régis Eduardo,Viana,,Datacom,Analista de processos,01 Jun 2022
Isabella,Debia,,ammo.varejo,Analista De Dados Pleno,01 Jun 2022
Vinícius,Oliveira,,Accenture Brasil,Analista de dados,01 Jun 2022
Rayssa,Moreira,,iFood,Sr Data Analyst | People Analytics,01 Jun 2022
Gabriel,Emerick,,Embraer,Técnico de processos,01 Jun 2022
Felipe Vaz,Gubolin,,Itaú Unibanco,Analista PL de Dados - Negócios Digitais,01 Jun 2022
Estevão Gabriel,Santos Rocha,,Prefeitura Municipal de São Miguel Dos Campos,Analista de sistemas,01 Jun 2022
Luiza,Stopazzolli Santana,,Axia BPO,Assistente fiscal,01 Jun 2022
João,Lins Neto  🔨🔍📊 📈,,Analytical Decisions,Data Tech Lead - Business Intelligence,01 Jun 2022
Josiel,np,,Sesc Santa Catarina,Analista de recursos humanos sênior,01 Jun 2022
Felipe,Sanches,,iFood,Business Intelligence Analyst,31 May 2022
Letícia,Sampaio,,Ford Motor Company,Machine Learning Engineer,31 May 2022
Amanda,Oliveira Santos,,Itaú Unibanco,Tech Lead - Gestão de TI,31 May 2022
Bruno,Bandeira,,ISH Tecnologia,Analista de Integração e Desenvolvimento,31 May 2022
Davi,Garcia Miranda,,Emcompre,Analista de dados,31 May 2022
Joyce,Amorim,,Petland Brasil ,Business Intelligence Analytics  - Pleno,31 May 2022
Raquel,Heleno,,Solistica,Analista comercial,31 May 2022
Silvio,Oliveira,,SulAmérica,"Analista de Dados - Canais Digitais (Google Analytics, Looker Studio, Python, Jira, Tableau)",31 May 2022
Ivo,Antonio,,IBM,Scrum Master | Facilitador | Agilista | Gestão Ágil,31 May 2022
André,Santana,,Agência de Dados,Desenvolvedor ETL,31 May 2022
Marcio,Silva,,Santander Brasil,Coordenador de Projetos e Controle Financeiro de Tecnologia e Engenharia ,31 May 2022
Danilo,Batista Mateus,,Líder Assessoria,Data Analyst,31 May 2022
Rafael,Camargo,,Prefeitura Municipal de Itapolis,Estagiário fiscal tributário ,31 May 2022
Rodrigo,Pires Ventura,,Comunidade DS,Cientista de dados,31 May 2022
Daniel,Siqueira,,OAPNB - Obras Assistenciais Padre Natale Battezzi,Assistente administrativo,31 May 2022
Lis, R. Barreto 🏳️‍🌈,,XP Inc.,Data Engineer | Banking,31 May 2022
Cynthia,Santos,,Stefanini Brasil,Analista de Business Intellience & Analytics,31 May 2022
Marco,Ribeiro,,Hospital Aeroporto,Engenheiro de Segurança do Trabalho,31 May 2022
João,Alves,,,,31 May 2022
Daniel ,Nascimento,,SunSeven Energy,Gerente de projetos,31 May 2022
Galdino,Neto de Oliveira Junior,galdinojunior@yahoo.com.br,Innovare Pesquisa,"Gerência de dados, pesquisa e inovação",31 May 2022
Cristian,Jonas Ataliba,cristian.ataliba@outlook.com,Cast group,Analista de testes (QA),31 May 2022
Lucas,Zamboni,,Mercado Livre,Data Engineer,31 May 2022
Juliane,Bomfim Nascimento,,Just Eat Takeaway.com,Data Analyst,31 May 2022
Jonathan,Marquina Zambrano,,M&M Repuestos y Servicios ,Analista de Procesos TI,31 May 2022
Fernanda Beatriz,G. F. Macedo,,Equador Energia,Business Inteliigence Analyst,31 May 2022
Samira,Bento,,Qualicorp,Business Inteliigence Analyst,31 May 2022
Cristiane,Benites,,Nestlé,Data Operations Assistant ,31 May 2022
Daniel,Pereira,,FIEMG,Sr. Analytics enginner,31 May 2022
Bruno,Pinheiro Mendes,,Itaú Unibanco,Jr Data Engineer ,31 May 2022
Sérgio,Barros,,Elumini Outdoing IT,Lead Technical Specialist,31 May 2022
luiz alberto,gonzales,,CRECI/DF,Diretor,31 May 2022
Rodrigo,Vale,,Senai São Paulo,Especialista em Eficiência Energética,31 May 2022
Felipe,Lorenci,,Raízen,Cientista de dados,31 May 2022
Fabio,Menezes Santos,,fabioms,Data Analysis Trainer,31 May 2022
Lucas,Ábner ,,KingHost,Suporte técnico,31 May 2022
Erik,Barbosa da Costa,,Stefanini Brasil,Analista de redes e de comunicação de dados,31 May 2022
Lucas,Coutinho,,Bradesco,Analista assistente Financeiro,31 May 2022
Maria Fernanda,Queiroz,,eNotas,Analista de FP&A Jr,31 May 2022
José Roberto,Pacas Díaz,,The Data Way,Senior Partner - Business Development Manager,31 May 2022
Júlio,Monteiro,,Seazone,Data Analysis Intern,31 May 2022
Evaristo,André Neto,,Monsertec Engenharia,Engenheiro de Planejamento,31 May 2022
Filipe,Reis,reisgeotec@gmail.com,Ambipar Response Control Environmental Consulting S.A,Engenheiro Geotécnico,31 May 2022
Matheus,Dias,,Telefónica Tech,Quality and Strategy Analyst (Data Analytics and Business Intelligence),31 May 2022
Pedro Henrique,Borges De Carvalho,,Algar Tech,Técnico Suporte de TI JR. Service Desk,31 May 2022
Fillipe Gabriel,Maranho,,Vivo (Telefônica Brasil),Estagiário em Automação,31 May 2022
Raul,Lima,,Epson do Brasil,Analista de contabilidade sênior,31 May 2022
Edgar,Rodrigues,,Martins,Analista BI/Analytics,31 May 2022
Antonio Leandro,Souza Neto,,AGCO Corporation,Inspetor de Processos,31 May 2022
Tássia,Giovanelli,,LIZIE,Analista de Business Intelligence,31 May 2022
Rocélio,Tenório Manso,,LESCHACO - Lexzau Scharbau GmbH & Co. KG,CFO,31 May 2022
Isaias,souza Santos,,Dev Club,Estudante,31 May 2022
Francisco,Terto,,BlueShift Brasil,Data Engineer,31 May 2022
Diego Rafael,Mágero Elihimas,,TERPHANE,Process Engineer/ Production Engineer,30 May 2022
Danilo,Rezende,,NG7 Consultoria ,Analista de BI,30 May 2022
Alana,Matos,,Simpar,Auxiliar administrativo,30 May 2022
Cíntia Esteves,de Paulo,cinest13@gmail.com,Nubank,Gerente de Engenharia de Dados,30 May 2022
Thaís,Duarte,,Rogerio Pereira da Silva Advogados,Advogada,30 May 2022
Joyce,Brzozowy,,BlueShift Brasil,Engenheira de dados,30 May 2022
Natália,Carvalho,,RNP Consultoria e Tecnologia,Gerente administrativa,30 May 2022
Thompson,Moriconi,publitom@gmail.com,Omint,Analista de dados,30 May 2022
Wagner,Lopes Cardozo,,FATEC Ourinhos Faculdade de Tecnologia de Ourinhos,Projeto Prefeitura Santa Cruz do Rio Pardo - FaTec Ourinhos SP,30 May 2022
Renan,Marques Rodrigues,,Holy Glasses,Manager,29 May 2022
Eliana,Rigoni,,Ambev Tech,Data Analyst II,28 May 2022
Rosilanny,Carvalho,,Grupo Boticário,Analista de Produtos Business,28 May 2022
Danrley,Montalvão,,Salgaderia Delicias de Mainha LTDA,Administrative Analyst,27 May 2022
Pedro Ronald,Barbosa,,BuscaJuris,Engenheiro de dados,24 May 2022
Ramon,Brito,,Grupo Boticário,Data Analyst ,24 May 2022
Tainá,Tissot,,TIM Brasil,Especialista em Strategy e Data Governance,23 May 2022
Natascha,Fontanesi Weber 🏳️‍🌈,,iFood,Analista de dados,23 May 2022
Carla,Lanzillotta,,Centro de Movimento Deborah Colker,Recepcionista,23 May 2022
Nathan,de Oliveira,,iFood,Data Scientist Jr,23 May 2022
Caroline,Suwaki,,iFood,Data Engineer,23 May 2022
Valquiria,Moura ,,Datasource Expert,Analista de dados,23 May 2022
Daiane,Costa de Carvalho,,Synergia Consultoria Socioambiental,Analista de Estudos e Pesquisas,23 May 2022
Douglas,Mattos,,Incentivar,Gerente de Business Intelligence,23 May 2022
Rodrigo,Carneiro,,Incognia,Data Engineer,23 May 2022
Vitor,Antunes,,Prefeitura Municipal de Paranapanema,Sistema Frota,23 May 2022
Bruno,Arruda,,,,23 May 2022
Wallace,Camargo,,Extia,Consultor de Business Intelligence ,23 May 2022
Iasmim,Almeida,,UFMA - Universidade Federal do Maranhão,Pesquisadora Nível Mestrado - Sistemas de Energia Elétrica,20 May 2022
Paola,Picolo Monachesi,,Instituto Unibanco,Analista de BI Pleno,20 May 2022
Juliano,França da Mata,,3AM-IT Services,Técnico de suporte em TI,19 May 2022
Rhyana,Vitoria,,Mulheres em Dados,Staff of Content,19 May 2022
Harao,Tavares,,IBM,Data Engineer intern,19 May 2022
Helena,Maia,,Vaipe,Analista de dados,18 May 2022
João Victor,Julião,,Imobiliária Levic,Auxiliar de escritório,18 May 2022
Bianca,Vilela,,Vivo (Telefônica Brasil),Analista de Planejamento | Pleno,18 May 2022
Mariana,Moga,,Mariana Moga Canto,Professora de canto,18 May 2022
David,de Lima,,Universidade Federal do Rio Grande - FURG,Estudante de mestrado em oceanografia,18 May 2022
Sarah,Alves,,BridgeHub,Desenvolvedora Front-end Junior,17 May 2022
Karoline,Costa da Silva,,INCRA,Pesquisadora colaboradora,17 May 2022
Érick,Vieira,,Resilia Educação,Projeto_M2 - Gestor de Conhecimento,17 May 2022
Stephanie,Fernandes,,Trivium Cap,Consultor de intermediação,17 May 2022
Amanda,Alves,,TLP,Analista de CCM,17 May 2022
Bárbara,de Avelar Ferraz Prins,,Olist,Analista de Negócios e Dados,17 May 2022
Bruno,Guedes Da Silva,,Prefeitura Municipal de Cuitegi,Agente Censitário Municipal ,17 May 2022
Paloma,Pena Firme,,Resilia Educação,Product Owner - Designer Instrucional,17 May 2022
Janayna ,Souza,,Localiza,Assistente de relacionamento,17 May 2022
Luiza,Sampaio,,Prefeitura Municipal de São Gonçalo - RJ ,Assistente administrativo,17 May 2022
Laura,Maria de Souza Romano,,Mobly,Analista de Supply Chain I,17 May 2022
Lucas,Canella,,,,17 May 2022
Aline,Aparecida dos Santos,,LATAM Airlines,Assistente de Gestão Aeroportuária,17 May 2022
João,Rosa,,One Earth - One Ocean e.V.,Coordenador de campo,17 May 2022
Yasmin,Guanaes Farias,,Resilia Educação,Operations Leader - Student Success ,17 May 2022
Marisa,do Carmo Silva,,datamint,Analista de desenvolvimento de sistemas,17 May 2022
Esli,Queiroz,,Resilia Educação,Facilitador das Soft Skills,17 May 2022
Juliana,Nascimento Peres,,Vórtx,Analista Pro I de Planejamento Financeiro,16 May 2022
Gadiel,Willier,,PicPay,Analista de Dados | Open Finance,16 May 2022
Gustavo ,Coiradas,,"UNESP - Universidade Estadual Paulista ""Júlio de Mesquita Filho""",Responsável pela Folha de Pagamento,16 May 2022
Alex Sandro,Silva,,Neon,Analista de Negócios JR,16 May 2022
Heloísa,Santos,,AB InBev,Data Analyst,15 May 2022
Aline,dos S. Sousa,,APRIL,Custormer Service Leader,15 May 2022
Franklin,Ferreira,,Clicksign,Data Group Lead,13 May 2022
Gabriel,Luz,,Avenue Code,Data Engineer,13 May 2022
Ellen Maria,Freitas da Silva,,Datasource Expert,Analista de business intelligence,12 May 2022
Camila da Cruz,Santos de Sousa,,Votorantim,Analista de Dados Júnior,11 May 2022
Fernando,Stahelin,,NTT DATA Europe & Latam,Junior Analyst Technology,10 May 2022
Oselio,Candido,oseliocandido@outlook.com,Power Tuning,Business Intelligence Consultant,10 May 2022
Ivo,Costa,,Neon,Coordenador Mobile,09 May 2022
Gleyber,Alves,,Data Mundo,Consultor de BI,07 May 2022
Victória Nedina,Nunes,,Itaú Unibanco,Engenheira de Machine Learning ,07 May 2022
Edson ,Fernandes,,RedeMAIS RN,Analista de suporte,06 May 2022
Monique,Leite 🏳️‍🌈,,isaac,Analytics Engineer,06 May 2022
Madeleine,Trindade,,Blues Velvet Bar,Gerente,05 May 2022
Rogério,Lima de Aguiar,,CMC Telecom - Internet Agil,Analista de suporte de TI,05 May 2022
Samuel,Dumaresq,,Parque Tecnológico Metrópole Digital,Assessor de Mercado,05 May 2022
Leonardo,dos Santos Molaro,,Cognizant,Gerente de Projetos Cognitivos,05 May 2022
Marilla,Leite,,Shopee,Data Analyst Junior Associate,04 May 2022
Lucas,Ribeiro,,SONDA,Analista,04 May 2022
Rodney,Santos da Silva,,Delfia,Analista de Banco de Dados | BI,04 May 2022
Rômulo,Pinto Paiva Amaral,,PokerStars,Machine Learning Engineer,04 May 2022
CARLA,PACHECO BERNARDES,,Allis - Field Marketing,Analista de negócios /BI - Pleno ,04 May 2022
Karen,Vitório Martins,,Embraer,Líder de Solução | Especialista BI,03 May 2022
Marcolina,Santiago de Souza,,Autônomo,Consultor de BI (freelance) ,03 May 2022
Rodrigo,Azevedo,,How Bootcamps,Aluno mentor,03 May 2022
Marilda,Souza,,RadicalX,Global virtual intern,02 May 2022
Katherine A,Tolton Rodriguez,,"Tech-Marine Business, Inc. (TMB)",Junior Operations Manager,29 Apr 2022
Dimitri,Marinho,,Centro Universitário UNISBA,Analista de TI,29 Apr 2022
Patrícia,Silva Bento,,UNIVERSIDADE DO ESTADO DO AMAZONAS - UEA,Profissional da Área de Tecnologia da Informação,28 Apr 2022
Alessandra Natasha,Alves,,Stone,Sr Data Analytics Project Lead,28 Apr 2022
Isadora,Oliveira Turcatel,,Freelance,Consultora em Informação,28 Apr 2022
Luciana,Bahia Wakabayashi Fabri,,Prefeitura Municipal de Governador Valadares,Tech Leader,28 Apr 2022
Taís,Reinheimer,,Dataside,Analista de projetos,28 Apr 2022
Mariana,Piquet,,Rede Damas Educacional,Business Inteligence Analyst,28 Apr 2022
Paloma,Almeida,,PicPay,Cientista de dados Jr | Crédito ,28 Apr 2022
Dalisson,Figueiredo,,Minds,Data Scientist,28 Apr 2022
Lucas,Feliciano da Silva,,Grupo Safira,Engenheiro de dados Junior,28 Apr 2022
Zildriely,Curitiba,,"CloudWalk, Inc.",Risk Analyst I,28 Apr 2022
Blenda,Siena,,NTT DATA,Data Engineer,28 Apr 2022
Pedro Felipe,Bellini de Campos,,VOLL,Data Engineer,28 Apr 2022
Renata,Esperança,,Grupo GFT,Jr. Data analyst,28 Apr 2022
Kevin Yen-Duo,Chu,,C.R. Laurence ,Product Data Analyst,28 Apr 2022
Amanda,Peixoto Manso,,WPP Media Services,Analista de inteligência empresarial,28 Apr 2022
Monica,Olimpio,,Itaú Unibanco,Analista de Sistemas Jr,28 Apr 2022
Cézar,Carmo,,Cognizant,Engenheiro de Dados (Big Data),28 Apr 2022
Cynthia,Araujo,,Little Moons,Líder de equipe,28 Apr 2022
Barbara,Nascimento,,Porto,Analista de Custos Pl.,28 Apr 2022
Alex,Freberg,,AmerisourceBergen,Manager of Operational Analytics and Intelligence,27 Apr 2022
João Pedro,Moreira De Oliveira,,Avenue Code,Analista de dados,27 Apr 2022
Carolina,Lima,,Santander Brasil,Pricing Analyst and Data Scientist ,27 Apr 2022
Willian,Mendes,,ClickBus,Analista de Gente & Gestão Sênior,26 Apr 2022
Juliana,Reis,,Escavador,Business Development Manager,26 Apr 2022
Camila,Viana,,CERCRED,Superintendente de operações,25 Apr 2022
Natan,Fratta da Silva,ra98836@uem.br,Dattion,Proprietário,24 Apr 2022
Abraão,Lincoln,abraaolincoln@algint.com.br,Atento Brasil,Analista de dados sênior,24 Apr 2022
Gisele,Leitão,,Dataside,Analista de dados,24 Apr 2022
Aíkssa,Brito,,Dataside,Analista de BI Jr.,24 Apr 2022
Leonardo,R. Viana Xavier,,IBGE,Agente Censitário de Administração e Informática,20 Apr 2022
Luana,Tricai,lutricai@gmail.com,Tricai Treinamento e Desenvolvimento Ltda,Diretora,20 Apr 2022
Aline,Andrade,,Polícia Civil do Distrito Federal,Law Enforcement Officer,20 Apr 2022
Fernando,Nakamuta,,Nubank,Machine Learning Engineer,19 Apr 2022
Andressa,Freires,,Nubank,Senior Data Scientist,19 Apr 2022
Ana Cláudia,Lemos,,Comunidade DS,Data Scientist,19 Apr 2022
Thais,Vaz 🏳️‍🌈,,Itaú Unibanco,Data Analyst Sr - Decision Analyst,18 Apr 2022
Fernando,Sousa,,Neon,Business Analytics Jr,14 Apr 2022
Heder,Zampieri,,Lojas Renner S.A.,Analista de BI -  Sênior ,13 Apr 2022
Monique,Santos,,Dataside,Advanced Analytics,13 Apr 2022
Izabela,Schich,,Fast Shop S/A,Analista de Dados Jr,13 Apr 2022
Eduarda,Carla (E.C.S),,Ânima Educação,Engenheira de Dados Sr,12 Apr 2022
Igor,George Abdo,,Dataside,Analytics Coordinator,12 Apr 2022
João,Oliveira,,Stec Informática Ltda,Consultor de Business Intelligence,12 Apr 2022
Alan,Mariano Garcia Rosa,,TESTI Group Marble & Granite,Analista de sistemas,12 Apr 2022
Samir,Oliveira,,Britânnia Têxtil,Analista de TI,12 Apr 2022
Irena,Costa,,IBM,Data Engineer Early Associate,12 Apr 2022
Jean,Spínola,spinolaseven@gmail.com,Bravium,Analista de dados,12 Apr 2022
Eliane,Kelm,,,,07 Apr 2022
Demétrio,Fragoso,,iFood,Data Analyst ,07 Apr 2022
Valéria,Alves,,E Gestora - Sistemas e Soluções,Analista de Marketing,05 Apr 2022
Samuel,Dietrick,,BYJU'S FutureSchool,Senior Microservices Programmer,04 Apr 2022
Lucas,dos Anjos Longas,,NTT DATA,Lead Data Scientist,04 Apr 2022
Carolina,Sancho,,Geofusion,Analista de Dados e Mercado ,02 Apr 2022
Millene,Faria,,Loja Beleza Única,Proprietária,31 Mar 2022
Lisandra ,Rocha  de Medeiros,lisandra.rocha1@hotmail.com,B3,Data Analyst,31 Mar 2022
Andressa,Mourão,,Laboratório de Fitoplâncton (LABFITO) - UFPE,Bolsista,31 Mar 2022
Vanessa,Almeida 🏳️‍🌈,,Gentrop,Data Analyst,31 Mar 2022
Samara,Freitas,,Red Hat,Data Engineer,30 Mar 2022
Christiane,Carvalho,,AgroIQ,Gerente de mídias sociais,30 Mar 2022
Saula,Cecília,,WoMakersCode,Aluna do Programa de Formação em Data Analytics,30 Mar 2022
Rafaela,Santos,,BlueShift Brasil,Data Engineer,30 Mar 2022
Katyane,Souza,,Monte Bravo,Analista de BI,30 Mar 2022
Michele C.,M de Santana,,BlueShift Brasil,Data Engineer Trainee at Blueshift Brasil ,30 Mar 2022
Tábata,Alves,,Itaú Unibanco,Analista de Ciencia de Dados Jr. ,30 Mar 2022
Marina,Carolino,,Welcome the Future,Analista de Requisitos Junior,30 Mar 2022
Patricia,Mellem Goes Botelho,,TN Advogados,Estagiária de TI,30 Mar 2022
Luanna,Morais,,SmarttBot,Analytics Engineer,30 Mar 2022
Carine,Soares,,RD,Cientista de dados,30 Mar 2022
Maira,Monteiro,,Wizard by Pearson,Instrutora de Idiomas,29 Mar 2022
Letícia Beatriz,Barros Brito,,Mercado Livre,Analista de Analytics - Prevenção de Fraude,29 Mar 2022
Malu,Caires,,Estilo Soluções em Call Center,Analista Financeiro ,28 Mar 2022
Wêdja,Melo,,Petlove&Co,Atendente Generalizada,28 Mar 2022
Vilmara,Valdevino,,AgroGalaxy,Especialista em dados,28 Mar 2022
Inajá,Morais ,,iFood,Data Analyst,28 Mar 2022
Marcia,Biavati Messias,,Globo,Coordenadora Aquisição de Talentos - Marca Empregadora,28 Mar 2022
Daniel,Miranda,,Grupo GFT,Analista de dados,28 Mar 2022
Gabryele,Oliveira,,Olist,Analista de Comunicação (Employer Branding),28 Mar 2022
Ítalo,Riviti Felix,,Restoque S/A,Estoquista II,28 Mar 2022
Luiza,Araújo Vieira,,idwall,Data Analyst,28 Mar 2022
Sabrina,Maciel,,Digital House Brasil,Learning Metrics Operator ll,28 Mar 2022
Mayara,Bellato,,PicPay,Junior Antifraud Intelligence Analyst,28 Mar 2022
Amanda,do Nascimento Barbosa,amandabarbosajf@yahoo.com.br,Hospital Universitário de Juiz de Fora,Analista de gestão hospitalar,28 Mar 2022
Nathaly,Brito,,WPP Media Services,Analista de Business Intelligence,28 Mar 2022
Daiane,Jule,,A3Data,Analista de dados,28 Mar 2022
Araceli,Marcia Saldanha,,ZENVIA,Cientista de Dados ,28 Mar 2022
Ana Carolina,Rodrigues Vicente,,NEXPE,Especialista em dados,28 Mar 2022
Giulia,Willcox,,iCoLab Brasil,Associate Researcher,28 Mar 2022
Marcela,Queiroz,,ClearSale,Analista de Dados Sênior,28 Mar 2022
Stefânia,Gonçalves de Souza Marques,,Chammas Engenharia,Analista de BI,28 Mar 2022
Alexandre,Alves,,Alexandre Alves Sociedade Individual de Advocacia,Analista de Dados e Consultor,28 Mar 2022
Bruna,Frade,,Olist,Cientista de dados,28 Mar 2022
Cilmara,Lopes,cilmara_lopes@hotmail.com,Rede D'Or São Luiz,Analista de suprimentos,28 Mar 2022
Mariana,Rufino,,Hotmart,Data Analyst,28 Mar 2022
Jônatas,Hessel Taveira,,Dracon Peças e Serviços,Ajudante de Vendas e serviços,28 Mar 2022
Venito,Gules de Lima,,VL Consultoria,Especialista em Dados | Especialista em BI,27 Mar 2022
Rafael,Silva,,Rural Brasil,Analista de Planejamento logístico,25 Mar 2022
Aline,Santos,,iFood,Data Analyst ,25 Mar 2022
Guilherme,Ribeiro,,Hospital Israelita Albert Einstein,Data Scientist,25 Mar 2022
Patryck,Alves,,iFood,Data Analyst,25 Mar 2022
Jheysson,Douglas,,iFood,Cientista de dados,25 Mar 2022
Luzivan,Lira,,iFood,Analista de dados,24 Mar 2022
Giovanna,Rossi,,idwall,Analista de suporte técnico jr,24 Mar 2022
Thomas Gustavo Silva,Cunha,,Flowgroup Brasil,Consultor de Desenvolvimento e Aprendizagem,23 Mar 2022
Júlia,Schubert Peixoto,,Luizalabs,Pl Data Scientist,23 Mar 2022
Gabriel,Andreguetto Maciel,,GTI it Solutions,Analista de dados,23 Mar 2022
Thaisa,Fernandes,,Ambev Tech,Associate Data Specialist,23 Mar 2022
Romualdo,Araújo,,FonNet Networks,Analista de Dados Logísticos Sênior,23 Mar 2022
Bruna,Fonseca,,Faction A - Intelligent Analytics,Microsoft Business Intelligence Specialist / Power BI,23 Mar 2022
Jan,Rezende,,BlueShift Brasil,Data Engineer ,23 Mar 2022
Leonardo,Bittencourt Otero,,Pagar.me,Software Engineer,23 Mar 2022
Eliana,Paleo Mourão,,Grupo Cia de Talentos,People Development Sr. Consultant,23 Mar 2022
Sayuri,Valente,,Power BI Experience | Leonardo Karpinski,Project Manager | BI Project Leader | Data Storyteller | Data Design | Power BI | Figma | Alteryx,22 Mar 2022
Isabela,Fonseca,,GLOBAL HITSS ,Product Owner,22 Mar 2022
Alexandre,Monetto .'.,,Grupo GFT,Nearshore Team Manager,22 Mar 2022
Vinícius,Prado Damião,,4zOOm - Business Solution,Tech Lead,22 Mar 2022
Ronisson Lucas,Calmon da Conceição,,Banco Original,Cientista de Dados,22 Mar 2022
Nayara,Ferreira,,Cielo,Data Analytics,22 Mar 2022
Fernando,Costanti,,UaiRango Delivery,Gerente Geral e Pós-vendas,22 Mar 2022
Karina,Farah,,americanas s.a.,Analista de Inteligência de Negócios,22 Mar 2022
Karina,Cunha,,Serasa Experian,Analista de Governança de TI Sênior ,22 Mar 2022
Marina,Mondadori Gessinger,,SAP,Supply Chain Product Support Engineer (IBP Excel),22 Mar 2022
Marlúcia ,Souza,,Accenture Brasil,Custom Software Engineering Associate,22 Mar 2022
Jéssica,Souza,,Solfácil,Analista de BI e MIS Sênior,22 Mar 2022
Isabel,Germano,,Autônomo,Advogada,22 Mar 2022
Pedro ,Gonçalves,,Premoldados Nunes,Estagiário de Engenharia ,22 Mar 2022
Esdras,Lima Santana,,O Corpo Explica,Analista de dados,22 Mar 2022
Gabriela,Turquetti,,iFood,Junior Data Analyst | Ads Team,22 Mar 2022
Gabriela,Cardoso,,UOL - Universo Online,Assistente de dados,22 Mar 2022
Thaís Cristina,de Aguiar,,Accenture Brasil,Software Engineering Associate,21 Mar 2022
Letícia,Felippe,,Jeitto,Analista de dados,21 Mar 2022
Bassam,Nasser,,Nubank,Analytics Engineer,21 Mar 2022
Igor,Davin,,Transportadora Expresso Vera Cruz,Auxiliar operacional,21 Mar 2022
Iara,Varjão,,Hospital das Clínicas da Faculdade de Medicina da USP,Nutricionista,21 Mar 2022
Walquíria,Caneschi Ferro,,Flash Benefícios,Data Analyst Pleno,21 Mar 2022
Letícia,Sanchez,,banco BV,Analista de Dados Jr,21 Mar 2022
Samyr,Ozibel,,Epifania Gráfica e Audiovisual,Assistente de design gráfico,21 Mar 2022
Clara,Medeiros,,"Instituto Federal de Educação, Ciência e Tecnologia do Rio Grande do Norte",Estagiária em Marketing,21 Mar 2022
Paloma,Tempester,,Nubank,Business Analyst,20 Mar 2022
Isabela,Marinho Rangel,,Itaú Unibanco,Coordenadora de Engenharia na Release Train de Digital Analytics,20 Mar 2022
Fátima,Lira,,will bank,Senior Data Scientist,20 Mar 2022
Gizele,Correia,,Catarse,Desenvolvedora Ruby on Rail,20 Mar 2022
Felipe,Frigeri,,Nubank,Associate Data Science Manager,20 Mar 2022
Carolina,Roos,,On2,Business Intelligence Developer,20 Mar 2022
Weylane,Dutra,,Data Insight,Insight Analyst,20 Mar 2022
Letícia,Pires,,CODA AI | Podcast,Podcaster,20 Mar 2022
João Paulo,Brito,,MSX International,Analista de Dados Pleno,18 Mar 2022
Natália,Oliveira,,Rede,Data Analytics & Intelligence,18 Mar 2022
Thais,Ramos,,Zup Innovation,Data Science Intern,18 Mar 2022
Julia,Hornick,,3778,Data Scientist Jr,18 Mar 2022
Rafael,Aguiar,,Extractta,Engenheiro de dados,18 Mar 2022
Emerson Rodrigo,Alves Tavares,,Medical School ,"Academic Regulation, Technology Manager and Professor",18 Mar 2022
Marina,Spolador,,SUPERA Ginástica para o Cérebro,Gestora Pedagógica ,17 Mar 2022
Tatiany,Castelhano,,Resilia Educação,estudante Analista de Dados ,17 Mar 2022
Bruno Mesquita de,Oliveira,,Smarthis,Cientista de dados,17 Mar 2022
Nathália,Santiago 桑娜,,Liberty Seguros (Brasil),Analista de Sistemas,17 Mar 2022
Suzana,Rodrigues,,Thinkia Soluções em Tecnologia,Data Analyst,17 Mar 2022
Beatriz,Silva Guimarães,,PayPal,Customer Solutions Agent,17 Mar 2022
Juliana,Motta,,Instituto Politécnico da Guarda,Estudante de Análise de Dados,16 Mar 2022
Gilson,Oliveira,,SGM Vidros,Sócio proprietário,16 Mar 2022
Gabriela,Zorzi,,Secretaria de Estado da Educação do Paraná - SEED,Professora,16 Mar 2022
Jaqueline,Mangabeira,,SOS Amazônia,Analista de Parcerias,16 Mar 2022
Palloma,Felix,,UnitedHealth Group,Analista de Informações Gerenciais Junior,16 Mar 2022
Gabriel,Kanarski,,Prefeitura Municipal de Campo Largo,Administrador de frota,16 Mar 2022
Alex,J.S.S,,Sem Parar,Data Analyst,16 Mar 2022
Larissa,Santos,,Universidade de Brasília,"Projeto de pesquisa e extensão ""Perfil Étnico-racial de Trabalhadores da Universidade de Brasília""",16 Mar 2022
Felipe,Santos,,Dasa,Analista de Planejamento e Performance SR,16 Mar 2022
Victoria,Oliveira,,EduJob,Cientista de Dados Pleno,16 Mar 2022
Janaina,Vigano,,Audaces,Auxiliar de produto,16 Mar 2022
Amábile,Galdino,,Solvay,Data Intern,16 Mar 2022
Davi,Komura,,DK99 Eletrônicos,Proprietário,16 Mar 2022
Tsad,Borges,,PicPay,Data Analyst Jr,16 Mar 2022
Jaelson Douglas,Santos Matias,,BlueShift Brasil,Data Engineer,16 Mar 2022
Suzane,Gregatti,,Americanas S.A.,Data Analyst,15 Mar 2022
Lorena,Rocha,,Vidalink,Analista de Business Intelligence II,15 Mar 2022
George,Rodrigues,,GCounter Inteligência de Negócios,Analista de BI ,15 Mar 2022
Aretuza,Mendes,,Nestlé,Analista de BI,15 Mar 2022
Beatriz,Laquini,,BaseLab,Monitoramento de redes,15 Mar 2022
Vânia,de Lira Luiz,,Vivo (Telefônica Brasil),Analista de marketing,15 Mar 2022
Paulo Henrique,Simões Fernandes,,SENAR Brasil,Instrutor de treinamento,15 Mar 2022
Victor,Terror,,Prevent Senior,Data Specialist,15 Mar 2022
Henrique,Lima da Silva,,Grupo PRIMO,Desenvolvedor de software,15 Mar 2022
Luana,Silva,,Sindicato dos metalúrgicos de Santo André e Mauá,Assistente administrativo,15 Mar 2022
Analu,Francisco,,NucleoTCM - Marketing e Comunicação Integrada,Recepcionista,14 Mar 2022
Felipe,Mota Britto,,L&K Virtual Office,Assistente de operações,14 Mar 2022
Fernanda,Kawasaki,,EBANX,Software Engineer Intern,14 Mar 2022
Madalena,Brito,,OENGENHARIA LTDA,Auxiliar administrativa,14 Mar 2022
Renata,Almeida,,PicPay,Analista de Dados ,14 Mar 2022
Caroline,Beatriz,,Teleperformance,Expert de interação,14 Mar 2022
Renan,Rodrigues,,Smarthis,Tech Lead | Associate,14 Mar 2022
Jeneffer,Souza,,,,14 Mar 2022
Caroline,Andrade,,Big Supermercados,Assistente administrativo,14 Mar 2022
Fernanda,Oliveira,,Photorama Agência,Assessoria de comunicação,14 Mar 2022
Ana Carolina,Esteves,,IBM,Intern,14 Mar 2022
Mariana,Souza Dias,,Grupo Mario Valadares,Analista de Planejamento Estratégico Pleno,14 Mar 2022
Bárbara,Morais,,Mobi2buy,Analista Digital,14 Mar 2022
Val,Nascimento,,Lima Consulting Group Brasil,Data Engineer JR,14 Mar 2022
Angela,Alves Ferreira,,Pier Seguradora,Analytics Engineer II ,14 Mar 2022
Gabriel,Cincinato,,Resilia Educação,Estudante de Data Analytics,14 Mar 2022
Valesca,Souza,,MURABEI ∙ Data Science,Cientista de dados,14 Mar 2022
Camila,Rangel,,IBM,Software Developer Intern ,14 Mar 2022
Caroline,Moraes da Cruz,,BlueShift Brasil,Engenheira de dados júnior,14 Mar 2022
Mateus,Sartório,,MRM Brasil,Analista de Dados Jr,14 Mar 2022
Pedro,Henrique S. Camacho,,Geslab Sistemas,Analista de Suporte I,14 Mar 2022
Liora,Dopacio,,Altomax ,Business Intelligence Analyst,14 Mar 2022
Mariana,Carvalho Lages,,Caixa Econômica Federal,Bancário,14 Mar 2022
Crislane,Maria,, LAGIC - UECE,Bolsista BICT-FUNCAP,14 Mar 2022
Bianca,Garcia Martins,,Afterverse,Data Engineer,14 Mar 2022
Rafael Augusto ,Couceiro Correa,,Remessa Online,Data Scientist,14 Mar 2022
Cecília,Souza,,INDICO,Analista de dados Jr,14 Mar 2022
Jucimara,Ribeiro,,PRODAP,Engenheira de dados,14 Mar 2022
Regiane Sidlauskas,Brazão P. do Amaral,,Claranet Portugal,Cloudops Engineer,14 Mar 2022
Monique,Nogueira,,iFood,Business Data Analyst,14 Mar 2022
Thais,Costantin,,Sonepar Brasil,Analista Estatística Senior,14 Mar 2022
Rubens,"Chinali Canarim, Ph.D.",,Vivo (Telefônica Brasil),Device Development Specialist,14 Mar 2022
Maíres,Souza,,MG Info | Data Driven Culture,Data Analyst,14 Mar 2022
Derek,Martins,,BuscaJuris,Engenheiro de dados,14 Mar 2022
Pedro André,Filgueiras Barrozo,,UFRJ - Universidade Federal do Rio de Janeiro,Iniciação Científica,14 Mar 2022
Gabriel,Lima,,ADM Consultoria e Participações ,Estagiário Departamento Pessoal,14 Mar 2022
Bruna,Cardoso,,Itaú Unibanco,Analista de Dados - Change Management,14 Mar 2022
Angelica Alice,Freitas 🏳️‍🌈,,Vagas.com,"Sênior Data Analytics  (Data Design, Analytics)",14 Mar 2022
Lais, Lacerda,,Prefeitura de Itapevi,Help Desk,14 Mar 2022
Mychelle,Araújo,,Banco next,Analista de dados,14 Mar 2022
Luany,Oliveira,,Senac RJ,Instrutora Tech,13 Mar 2022
Brunna,Brito,,Petlove&Co,Data Analytics Intern,13 Mar 2022
Euler,Alencar,,Supremo Tribunal Federal,Strategic Planning Advisor and Data Scientist,13 Mar 2022
Yago,Bardelotte,,StepWise,Analytical Consulting Intern II,13 Mar 2022
Márcio,Estevam da Silva,marcio_estevam@hotmail.com,RD,Analista de BI Júnior,13 Mar 2022
Rhayza,Pinto,,IBM,Early Associate,13 Mar 2022
Odilon,Cavalcante Junior,,Huawei Brasil,Analista de BI,13 Mar 2022
Roberto ,Dias,,Profi Concursos,Proprietário,13 Mar 2022
Larissa,de Oliveira Rosa,,Megawork Consultoria ,Consultor SAP ABAP/CPI,12 Mar 2022
José,Carneiro Neto,,GFTCredmais,Analista de Dados Junior,12 Mar 2022
Saionara,Araújo,,LABO - Laboratório Oliveira,Analista de dados,10 Mar 2022
Amanda,Paura,,Caiena – Tecnologia e Design,Especialista em banco de dados,02 Mar 2022
Rafaela,Oliveira,,Deloitte,Desenvolvedora RPA I,25 Feb 2022
Dandara,Monte,domonte.dandara@gmail.com,CCBB - Centro Cultural Banco do Brasil,Analista administrativo,25 Feb 2022
Isabela,Rodrigues Costa,,Santander Brasil,Estagiário de Engenharia de Dados,24 Feb 2022
Leonardo,Machado,,Jalasoft,Machine Learning Developer,24 Feb 2022
Luana,Gonçalves,lugonc.lga@gmail.com,Prestação de Serviço para Empresa de Tecnologia,Consultoria Analista de BI e Gerenciamento de Projetos,23 Feb 2022
Suelen,Ferreira do Nascimento,,Mobly,Business Intelligence Intern,22 Feb 2022
Maria Carolina,Mathusalem,,NTT DATA Services,Data Engineer,22 Feb 2022
Marco,Junior,,KaBuM!,Analista de dados sênior,22 Feb 2022
Lucas,Maia Moreira,,Geplant,Desenvolvedor de software,22 Feb 2022
Larissa,Rocha,,Gupy,Data Engineer,21 Feb 2022
Alex,Pereira,,Be.X!,Analista de dados,21 Feb 2022
Roberto,Martins da Silva,,GAVB,Analista de BI,21 Feb 2022
Julio César, da Silva,,iStrat Solutions,Business Analytics Developer,21 Feb 2022
Daniel,Godinho Monteiro,,Engepack Embalagens,Analista Financeiro,21 Feb 2022
Bruna,Couto,,MadeiraMadeira,Analytics Engineer,21 Feb 2022
Anna Caroline,Ribeiro,,MediaLab,Trust & Safety,21 Feb 2022
Mariana,Martignago,,Portal Telemedicina,Data Engineer ,21 Feb 2022
Roberta,Gonçalves,,TIM Brasil,Customer Experience - Consultora Sênior,21 Feb 2022
António Carlos,Malengue,,"Afrizona-Security, IT & Lab",Cientista de dados,18 Feb 2022
Vanessa,Pelosini,,MJV Technology & Innovation,Analista de BI,18 Feb 2022
Victor,Moreira,,Somos CRM Services,Power BI Developer | Analista TOTVS RM,18 Feb 2022
Felipe,Ferreira,,Anhembi Agro Industrial Ltda,Comprador,18 Feb 2022
Marina,Paiano,,Monte Bravo,Data Analyst,18 Feb 2022
Fabio,Mendes,,Controladoria Geral do Estado - CGE,Cientista de Dados,17 Feb 2022
Lealdo,de Gois Andrade,,New Flyer, Business Intelligence Analyst,17 Feb 2022
Thaís,Teles Rodrigues,,Editora Globo,Cientista de dados,17 Feb 2022
Sibelle,Castro,sibelle.castro17@gmail.com,Ekantika Consultoria,Data  Scientist ,17 Feb 2022
Leonardo,Rabelo,,Cornershop by Uber,Capacity Analyst,17 Feb 2022
Lucas,Cagnotto de Moraes,,OSBR - Optimus Serviços do Brasil,Cientista de Dados Sênior,17 Feb 2022
Rafael,Rodrigues,,M. Dias Branco,Analista de logística,17 Feb 2022
Rodrigo,Correa,,Nubank,Senior Technical Product Manager - AI Platform,17 Feb 2022
Luan Carlos,Maranhão Porphirio,,Lojas Renner S.A.,Especialista - Business Insights - Omnichannel,16 Feb 2022
Ramon,Serrano Dias,,Comgás,Técnico de sala de controle,16 Feb 2022
Bruna,Octaviano ,,Hospital Brasil - Unidade Mauá,Assistente administrativo,16 Feb 2022
Priscila,Beltoni Rossini,,Secretaria da Fazenda e Planejamento do Estado de São Paulo,Analista de BI Sr,16 Feb 2022
Marcus Vinicius,Vieira,,Lojas Renner S.A.,Analista de dados,16 Feb 2022
Andressa,Mangolin Rosa,,BRQ Digital Solutions,Analista BI PowerCenter ,09 Feb 2022
Gabriel ,Oliveira,,Even Construtora,Analista de BI I,07 Feb 2022
Leandro,de Paula Barbosa,leandrobarbosa2019@yahoo.com,Advice Compliance Solutions,Analista de suporte TI,03 Feb 2022
Rosemary,Passos,,Fóton Informática S.A.,Engenheiro de dados,02 Feb 2022
Flávia,Cêh,,Unimed,Analista de BI,02 Feb 2022
clive,streatfield,,streatfield flooring,Owner,28 Jan 2022
Marta Victória,Facion,,Ejel - Consultoria e Projetos Elétricos Jr.,Diretora de marketing,28 Jan 2022
Fernanda,Folly,,Ancar Ivanhoe,Analista de Business Intelligence,03 Jan 2022
Yohana,Carvalho,,Reev,UI/UX designer ,03 Jan 2022
Stuart,Santos Idalgo,,iDigital,Analista de BI Pleno -  Mídias ,03 Jan 2022
Lara,Lopez Inácio,,Globant,Data Architect,03 Jan 2022
Roberta,Osandabaraz,,Publicis Brasil,Supervisora de Business Intelligence,03 Jan 2022
André,Gomes,,BlueShift Brasil,Analista de Business Intelligence,03 Jan 2022
Sarah,Guimarães Chitarra,,AMG Brasil,Assistente de desenvolvimento,03 Jan 2022
Hélio,Simões,,Digital Insider Mkt ,Gerente de Mídias Sociais,28 Oct 2021
Rafaela,Dewes,,NTT DATA BRASIL,Centers Specialist Testing,08 Oct 2021
Gregory D'Carlo,AB ,dcarlogregory@gmail.com,Oficina real,Mecânico,07 Oct 2021
Túlio,Carvalho,,Fiven ASA,Estagiário de RH,07 Oct 2021
Edinete,Silveira Melendez,,Grupo Orguel,Analista de Processos e Projetos,30 Sep 2021
Lucas Cosme,de Carvalho,,PwC Brasil,Risk Assurance Compliance and Analytics - Associate,28 Sep 2021
Beatriz,Rodrigues,,Orguel,Analista de Processos e Projetos,23 Sep 2021
Gabrielle,Oliveira,,Análise de Sinais e Sistemas,Monitora,10 Sep 2021
Helena Maria,de Rezende e Silva,,Dinâmica Consultoria Júnior,Gerente de Marketing,30 Aug 2021
Alice,Grazielle,,Sotreq S/A,Assistente de Logística,05 Aug 2021
Bárbara,Brasiel ,,Deloitte,Analista de negócios I - Agile Master,05 Aug 2021
Thais,Soares,,Ambev,Analista de Gente e Gestão Pleno,05 Aug 2021
MARCIO,NEVES GOMES,,IMARGIFER,23 anos de experiencia na área como negociador.,05 Aug 2021
João,Campos,,Supermercado Esquinão,Assistente administrativo,23 Jul 2021
Renata,Carvalho,,Laboratório de Análises Clínicas Oswaldo Cruz ,Coordenadora de posto de coleta ,16 Jul 2021
Lucas,Macedo,,AMG Brasil,Analista de Desenvolvimento,02 Jul 2021
Eduardo Akira,Shiguemoto,,Biomtech Brasil ,Sales Operations | Customer Success Analyst,01 Jul 2021
Emílio,Heringer,,Voodoo,Desenvolvedor de software,28 Jun 2021
Fabiana,Dias,,Museu Municipal Tomé Portes del- Rei,Gestora de Museu ,28 Jun 2021
Luciana,Frigo,,AMG Brasil,Estagiária,28 Jun 2021
Juliana,Braz Rantin,,CallFlex Sistemas Digitais Ltda.,Gerente de recursos humanos,24 Jun 2021
João Vitor,Mota Terra,,Siemens Energy,Engenheiro Jr de Ofertas ,24 Jun 2021
,,,,,24 Jun 2021
Gabriela Cristina,Lopes,,Accenture,Team Leader,22 Jun 2021
Gabriela,Aparecida Santiago,,Meu Acerto,Analista de Qualidade II,21 Jun 2021
Julia,Dirickson,,Stone,HR Business Partner,21 Jun 2021
Lucas,Lopes,,Stefanini Brasil,Product Owner,20 Jun 2021
Sara,Soares,,Mano Julio,Compradora,19 Jun 2021
Bryan,Fonseca,,Ômega Júnior,Gerente de projetos,19 Jun 2021
Guilherme,Giovanni,,Gramcell Celulares - Parceiro Vivo,Analista de Inteligência Comercial,19 Jun 2021
Henrico,"Aguiar, MBA, ITIL®, SCRUM.",,Bitz,Coordenador de Sustentação,19 Jun 2021
Íris,Nascimento,,BOZEL BRASIL,Estagiária de Suprimentos,19 Jun 2021
Victor,M.,,Resind Industtria E Comercio,Estagiário de cadeia de suprimentos,19 Jun 2021
Melanie,Steigleder,,Indetec UFSJ,Estagiária de comunicação e marketing,19 Jun 2021
VICTOR,SOUZA,,Supermercado Esquinão,Repositor,19 Jun 2021
Carolina,Arvelos Resende,,AMG Brasil,Estagiária,17 Jun 2021
Marcos,Pantaleão da Silva ,,AMG Brasil,Analista de Produção,17 Jun 2021
Guilherme,Javson,,Grupo GPS,Líder,16 Jun 2021
Gisleine,do Carmo,,Rédea Consultoria,Consultora Financeira,16 Jun 2021
Caroline,Guimarães,,Núcleo Vertentes,Assessora de Desenvolvimento,16 Jun 2021
Isabela,Assis Cardoso ,,Foxbit,Back End Developer,16 Jun 2021
Carlos,Junior,,SYGEST Construtora - Mina Volta Grande ,Engenheiro Civil Jr,16 Jun 2021
Julianne,Souza,csouzajulianne@gmail.com,Universidade Federal de São João del-Rei - UFSJ,Estagiária de Compras e Licitações,16 Jun 2021
Ródinei,Nunes,,AMG Brasil,Supervisor de Suprimentos e Vendas,16 Jun 2021
Joaquim,Justino,,Ormec Engenharia,Supervisor de Logística,16 Jun 2021
Viviane,Peixoto - PcD,,Inter,Analista de Normas,16 Jun 2021
João,Gabriel ®,,Compass Tech,Fundador,15 Jun 2021
Luiz Adriano,Apolinario,,JR Engenharia Elétrica,Eletricista encarregado,15 Jun 2021
Cláudia,Costa,,AMG Brasil,Analista de infraestrutura de TI,23 Apr 2021
Laís,Alves,,act digital,Scrum master,22 Apr 2021
Raphael,Nunes,,Renault Group,Piloto de Validação de Sistemas,21 Apr 2021
Fabio,Oliveira,,Vero Internet,Especialista de Governança de TI,21 Apr 2021
Gustavo,Delfino de Sousa,,Riachuelo,Especialista de Sistema de Gestão,21 Apr 2021
Rodrigo,Paiva,,CSN - Companhia Siderúrgica Nacional,Estagiário de TI,21 Apr 2021
Aline,Feitosa Guerreiro,,Rede Brasil Startups,Fundadora,21 Apr 2021
Eder,Berbert do Nascimento,,Atento Brasil,Arquitetura de soluções ,21 Apr 2021
Felipe,Maia,,Toptal,DevOps / Software Architect,09 Sep 2020
Aleksander,Lada,,HMBradley,Site Reliability Engineering Manager,22 Jul 2020
,,,,,18 Jun 2020
Ritesh,Kumar,,As Airspace Travels,Dotnet Developer,31 May 2020
LDP,Consultoria ,,LDP Consultoria e Representação,Consultoria e Representação,25 May 2020
Alexandre,Silva,,Afsinformatica,Empreendedor,25 May 2020
Eduardo,Camargo,,Nova Brasil THATHI,Cooidenador de Recursos Humanos,25 May 2020
,,,,,25 May 2020
Rômulo,Neves,,Monetizze,Desenvolvedor Back End,25 May 2020
Valter,Luiz,,Pollyrubber S.A,Supervisor de manutenção,25 May 2020
Dioclides,José Maria,,Braykes PPP,Consultor jurídico,25 May 2020
João,Maciel,jmacieltech@gmail.com,RDI SOFTWARE,Business Technical  Analyst,25 May 2020
Bruno,Afonso,,Closer Consulting,Full-stack Developer,25 May 2020
Wesley,"Pena, CEA",,Safra,Gerente de investimentos,25 May 2020
Pedro Henrique,Castro Silva,,Papo de Riqueza,Fundador,25 May 2020
Maristela,Rocha Sampaio,,E.E.”Prof.Nestor G.de Araújo,Professor,25 May 2020
Vinicius,Brito,,Doctoralia Brasil,Inside Sales,25 May 2020
Tatiana da Costa,Cassiano,,UniCesumar,Freelancer,25 May 2020
Cesar,Andrade,,Manutenção em impressoras,Técnico,25 May 2020
Johny,Wauke,johnywauke@gmail.com,Portobello Grupo,Data Engineer,25 May 2020
Anibal Eduardo,Arango ,,FuXion Biotech,EMPRESARIO COLOMBIA,25 May 2020
Rodrigo,Leite Durães,,,,25 May 2020
Rodrigo Soares,Ferreira,,Vilma Alimentos,Gestor comercial,25 May 2020
Bruno,Alvares,,Localiza,Senior Product Manager,25 May 2020
Ramon,Medeiros,,Supernova Sistemas LTDA,Analista de sistemas sênior,25 May 2020
Maiara,Carvalho  ,,Grau Técnico,Analista de Recursos Humanos,25 May 2020
Junior,Cammel,,Academia Junior PRO,Course Developer,25 May 2020
Amr,Elazhary,,MATRIXX Software,Senior Engineer-Professional Services,25 May 2020
Cleide,Bueno,,,,25 May 2020
Luiz Carlos,Yahoo,luiz.carlosjb@yahoo.com.br,bonsucesso imoveis,corretor de imoveis,25 May 2020
Zied,Elabed,,Cadence Design Systems,Principal Application Engineer,25 May 2020
,,,,,25 May 2020
Pedro,Rodrigues,,RM Farma Oficial,Copywriter,25 May 2020
Ejagro ,Consultoria e Soluções em Agricultura ,,Universidade Federal de São João del-Rei - UFSJ,Consultor em Agronomia ,25 May 2020
Pedro,Dias,,DOMO Invest,Venture Capital,25 May 2020
Romeryto,Viol,,MEDIC Barbacena LTDA,Técnico em eletrônica - Responsável Técnico - CREA,02 Sep 2019
Sergio,Fiuza,,Gran Eufrasia,motorista,02 Sep 2019
Thalles Augusto,Vicente,,Cooper Standard,Specialist Continuous Improvement,02 Sep 2019
Giovanna,Pereira da Silva,,,,02 Sep 2019
Aleksandro,do Carmo Rocha,,Autônomo,Negócios,02 Sep 2019
Mateus Pacheco,Silva,,DSLOG DISTRIBUIÇÃO E SERVIÇOS LOGÍSTICOS  ,Analista de sistema operacional,02 Sep 2019
Willian,Souza,,Reclaimed Woods WoodWorks,Profissional Liberal,02 Sep 2019
Antônio Carlos,Andrada,,Escritório Advocacia,Advogado,02 Sep 2019
Alexandre,Santos,,Vallourec,Engenheiro de Processo e Qualidade,02 Sep 2019
Ivan,Alves,,I A de Aquino ME,Diretor,02 Sep 2019
Mayra,Lopes,,Tata Consultancy Services,Engenheira de riscos,02 Sep 2019
BhArAt SiNgH,KoHli,rajassbkohli2020@gmail.com,India Post Payments Bank ,Territory Officer,02 Sep 2019
Leonardo,Lana Nunes,,Prefeitura Municipal de Governador Valadares,Auxiliar Técnico de Secretaria,02 Sep 2019
Yuri,Machado,,Crea-Minas Jr. Núcleo Betim,Adjunto da Coordenação de Gestão de Pessoas,02 Sep 2019
Claudinei,Campanholi,,Escritório Contábil Maziero Ltda,Contador,02 Sep 2019
Jones,Yang,,CIVI 科技UHPC,产品经理,02 Sep 2019
João Pedro,Polito,,INPE,Bolsista de Iniciação Científica,02 Sep 2019
Luiz,Ladeira,,SOMOS Educação, Analista Programador Web,02 Sep 2019
John,Griffiths,,Rayburn Plastics Limited,Managing Director,02 Sep 2019
Marina,Nolasco,,Drogaria Araujo S/A,Vendedora ,10 Jan 2019
Blake,Trafton,,Barron Heating AC Electrical & Plumbing,Director of Service,10 Jan 2019
Tiago,Israel,,PicPay,Senior Frontend Developer,10 Jan 2019
Ricardo,Araujo,,MRS Logística,Programador de Locomotivas e Vagões,10 Jan 2019
Team,Lucas Reis,,CIA ATHLETICA RJ,Professor,10 Jan 2019
Ismael,Ferreira Gonçalves Pereira,,Bankuish,Back End Developer,02 Apr 2018
Avante,RH,,Avante RH,Consultoria,29 Mar 2018
Marcos,Alvarenga Rocha,,Cielo,Especialista em desenvolvimento ,19 Mar 2018
Olione,Claudino,,Criare Informática,suporte informática,02 Mar 2018
Marcelo,Haddad Filho,,Grupo SN,Gestor de Tráfego,27 Feb 2018
Eugênio,Portella,,Toptal,Senior QA Engineer,22 Feb 2018
John,Costa de Araújo,,VSP Solution,Arquiteto de soluções/pré-vendas,18 Feb 2018
Thiago Fernandes da Silva Alves,Fernandes,,Cemelc,Assistente técnico,31 Jan 2018
Josiane,Santos,,NEX Tecnologia em Gestão da Informação,Assistente de arquivo,29 Jan 2018
Fernanda,Araújo,,Unimed-BH,Product Owner ,23 Jan 2018
Fabiana,Abreu,,Granha Ligas,Técnico de laboratório,14 Jan 2018
Anderson,Paixão,,Banco BMG,Analista de Sistemas,12 Jan 2018
Jaqueline ,Oliveira,,Grupo GFT,Senior QA Engineer,10 Jan 2018
Thales Kennedy,dos Santos Gonçalves - Imóveis,thaleskennedy.dpc@gmail.com,OYO,Inside Sales Executive,10 Jan 2018
Cibely,C,,Escola Superior Dom Helder Câmara,Analista de Sistemas,05 Jan 2018
Godofredo,Guerra,godofredo.guerra@gmail.com,will bank,Tech Manager,05 Jan 2018
Dalila ,Paula ,,Caixa Econômica Federal,Recepcionista,04 Jan 2018
Raphaela,Amorim,,Elo Assessoria e Sistemas ltda,Sócia,30 Dec 2017
Daniel,Rocha,,SH3,Desenvolvedor de sistemas,28 Dec 2017
Ricardo,Ferreira de Souza,,Create Solutions lda,Desenvolvedor de front-end,21 Dec 2017
Francisco,Avila,,Inffolabos,Técnico,20 Dec 2017
Jaqueline,Andrade Costa,,Hapvida,Gerente comercial,14 Dec 2017
Leandro ,Peres,,Stilingue,Senior Frontend Developer,09 Dec 2017
Alberto,Maza,,Raven Industries,Sales Manager,09 Dec 2017
Gustavo,Rambaldi,,Andrade Gutierrez S.A.,Analista de sistemas,09 Dec 2017
Isac Sandin,Ribeiro,,RV Digital,Líder técnico,09 Dec 2017
João,Menighin,,Hotmart,Team Leader,06 Dec 2017
Paula,Graciele,,"Instituto Federal de Educação, Ciência e Tecnologia do Sudeste de Minas Gerais",Professora e Coordenadora do Cursinho Pré - IF,29 Nov 2017
Leandro,Biffi,,CursoB,Instrutor de Treinamentos Online,23 Nov 2017
Isaias Alves,Ferreira,,Youx Group,Analista de sistemas sênior,23 Nov 2017
Octávio,Moreira,,Thomson Reuters Brasil,Analista de QA,22 Nov 2017
Geoff,Lawton ,geoff@buyavanonline.co.uk,Buy a van on line,Van Specialist,21 Nov 2017
Marcos,"Cordeiro d'Ornellas, Eng., Ph.D.",,Stars Aceleradora,Innovation and Technology Consultant,21 Nov 2017
,,,,,21 Nov 2017
Lucas,Nascimento Oliveira,,Accenture,SAP ABAP Consultant,16 Nov 2017
Ana Paula da ,Silva,,RH Educacional,Consultora de RH,07 Nov 2017
Bárbara,Oliveira,,Loft,Sr Product Manager,06 Nov 2017
Douglas,RSA,,RSA Energia Solar,Proprietário da RSA Energia Solar,06 Nov 2017
Pâmela,Marinho,,Take Blip,Data Science Leader,06 Nov 2017
Hamilton,Melo,,UAI PDV,Técnico de suporte em TI,05 Nov 2017
Lucas,Hilário da Costa,,Innovatium Systems,Analista de sistemas,05 Nov 2017
Simone ,Scur ,,SIM RH - Consultoria Hunting e Transição de Carreira,Consultora | Job Hunter,03 Nov 2017
Victor,Jácome,,ArcelorMittal Brasil,Analista de Automação,03 Nov 2017
Edilena,de Paula,,Sede de Saber Consultoria em Gestão de Pessoas,Consultora,02 Nov 2017
Glaydson,Cavalcante,,Banco do Brasil,Gerente de Estratégia e Organização para segmento Atacado e Rede Offshore,02 Nov 2017
João Otávio,de B. Berbert,,Tata Consultancy Services,Engenheiro Mecatrônico,30 Oct 2017
Luiz Guilherme Costa,Nascimento,,Grupo Patrimar,Coordenador de contas a receber,30 Oct 2017
Felipe,"Macedo, CEA",,Inter,Squad Leader de Investimentos,27 Oct 2017
Leo,"Pires, M.Sc",lps064@gmail.com,DeepBlues Training,Fundador,27 Oct 2017
,,,,,26 Oct 2017
Lucas,Santos,,FIEMG,Instrutor de Formação Profissional,26 Oct 2017
Bruno,Carvalho Silva Luz,,Gerencianet,Engenheiro de software,25 Oct 2017
Edmilson,Januário Santos,,Universidade Federal de Minas Gerais,Gestor de Manutenção e Apoio Logístico da Escola de Engenharia,19 Oct 2017
Juliana,Delbem,,Estudante de Direito,Estudante 6o período,19 Oct 2017
Patrícia,Viegas Silva,,CDM Projetos Sociais,Técnica em Prestação de Contas,19 Oct 2017
Daniel,Marcos,,CI&T,Employer Branding Manager,18 Oct 2017
Bárbara,Schnneppel,,Fundação Sara,Psicóloga ,17 Oct 2017
Patricia,Brant Spadano,,MRV,Gestor de Atração de Talentos,17 Oct 2017
Fernanda,Rigoni,,CNseg - Confederação Nacional das Seguradoras,Analista de Recursos Humanos ,17 Oct 2017
Helder,Mattos,,Escritorio De Engenharia,Estágio - Projetista ,17 Oct 2017
Hiago Cesar,Lima Fonseca,,IAV do Brasil ,Embedded Software Tester,16 Oct 2017
Alexandre,d'Almeida de Souza Lima,,Raro Labs,"Desenvolvedor iOs, Android",16 Oct 2017
Fernando,Cangussu,,Telefónica,Engenheiro de software sênior,16 Oct 2017
Daniela,Tarsitano,,Alta Sports,Coordenadora de RH,16 Oct 2017
,,,,,16 Oct 2017
Luis Marcelo,da Costa,,SAGRADO Rede de Educação,Assistente de TI,16 Oct 2017
Luana,Carla,,BOZEL BRASIL,Assistente de controladoria,16 Oct 2017
Elisete ,Vasconcelos - Perfil cheio,,Firjan,Analista de RH,15 Oct 2017
Luis Gustavo,Vasconcelos Franklim,,Accenture,Data Science Consultant,14 Oct 2017
Danilo,Costa,,Partners Comunicação Integrada,Gerente de Recursos Humanos,14 Oct 2017
Silvia,Santos,,Leadd - Desenvolvimento Humano,Consultora de gente e gestão ,14 Oct 2017
Adriana,Bertani,,Tuiuiu Administradores De Plano De Saude,Consultor de RH,14 Oct 2017
Antonio,Henrique,,Montreal Oficial,Arquiteto de Soluções Sr,13 Oct 2017
Rudy,Cordeiro,,C&A Brasil,IT | CTO | CPO | CXO | Digital & Innovation,13 Oct 2017
Tatiane,Melo,,Ipiranga,Supply Chain Specialist,12 Oct 2017
Viviane,Cury Corrêa,,Viviane Cury,Mentora de Carreira| Melhoria de Performance Profissional e de Empreendimentos| Currículo e LinkedIn,12 Oct 2017
João Daniel,Nolasco,,Universidade Federal de São João del Rei,Técnico em Eletroeletrônica,10 Oct 2017
Myrian,Camilo Pedroni,,Lojas Renner S.A.,Lean-Agile Transformation,10 Oct 2017
Warley,"Mól, M.Sc., PMP, CSM",,Tribunal de Justiça do Estado de Minas Gerais,Gerente de Portfólio de Projetos,10 Oct 2017
Rafaela,Lima,,CI&T,Human Resources Business Partner,10 Oct 2017
New Logics,Nobreaks,,New Logics - No-breaks,Departamento Comercial,10 Oct 2017
Henrique Carlos,Esteban de Sousa Rocha Santos,,Cemig - Companhia Energética de Minas Gerais,Analista Documental,10 Oct 2017
Eduardo,Duarte,,Pottencial,Product Owner,10 Oct 2017
Luiz Fernando,de Carvalho,,IPNET Growth Partner,Analista de sistemas,09 Oct 2017
Luciano,Quaresma,,Fundação de Desenvolvimento da Pesquisa - Fundep,Analista de projetos,09 Oct 2017
Marcus,Vinicius Campos,,Impulso,Python Specialist,09 Oct 2017
Iago,de Castro Alvarenga,,Accenture Brasil,Analytics Senior Analyst,09 Oct 2017
Marcelo,Mattos,,Cia Multimidia,Diretor administrativo,09 Oct 2017
Vinícius Gonçalves,"Fintech, Agrotech and Insurtech Market Advisory",,G&A Advisory,Consultor Especialista em Arquitetura de Negócios - Fintech & Insurtech,09 Oct 2017
Alessandra,Ravaiani,,SYDLE,Gerente de recursos humanos,09 Oct 2017
Marco,Mendes,,Arkhi Business Agility,Co-founder and Principal Consultant at Arkhi,08 Oct 2017
Horácio,Barros,,MJV Technology & Innovation,Java Developer,08 Oct 2017
Thiago,Mantuani de Souza,,Criare Tecnologia,Analista de desenvolvimento de sistemas,07 Oct 2017
Wenderson,José do carmo,,Unisys,Senior Test Automation Engineer,07 Oct 2017
Pedro,Sarmento,,Inter,Senior Java Software Developer,06 Oct 2017
Fábio,Couto,,PD Case Informática Ltda,Analista de sistemas,06 Oct 2017
Augusto,Jerônimo,,Bradesco Seguros,Analista de sistemas,06 Oct 2017
Alessandro,Kieras,,CI&T,Software Architect,06 Oct 2017
Vinicius,Amorim de Sousa,,Grupo GFT,Consultor de Sistemas,06 Oct 2017
Marco Antonio,Pinheiro,,O Milhanário,Empresário,06 Oct 2017
Gabriel,Sacramento,,Accenture,Gerente Salesforce,06 Oct 2017
Laís,Ferrarezi,,Avenue Code,"Global Director, Talent Acquisition | Head of Talent Acquisition | Engineering & Corporate",05 Oct 2017
Miguel Thiago,Alvarenga,,Accenture Brasil,Analista Programador Java Full Stack,05 Oct 2017
Eric,Carvalho,,Criare Tecnologia,Supervisor de TI,05 Oct 2017
,,,,,05 Oct 2017
Keite,França,,Universidade Federal de Minas Gerais,Pós-doutoramento,05 Oct 2017
Wagner,Gomes Araujo,,CRIARE Informática,Diretor Comercial,05 Oct 2017
Álefe,Cardozo Silva,,Zup Innovation,QE/QA Specialist,05 Oct 2017
Nelson,"Teixeira, ITIL,CAPM,RWVCP,SFPC,PMEC,LSSWBC,MBA",,Hexagon Mining,Technical Support Supervisor/Leader ,05 Oct 2017
Leopoldo,Barroso,,Geo Studio Tecnologia,Web Designer,05 Oct 2017
Luiz Claudio,Martins,,TTY2000 Tecnologia e Sistemas,Diretor,05 Oct 2017
☁️ Vitor,de Carvalho Simões,,Offerwise,Cloud Architect,05 Oct 2017
Sabrina Gabriela,Silva,,Manserv,Técnica de Planejamento l,05 Oct 2017
Bruno,Natividade Costa,,SAGA WMS - Saga Tecnologia Ltda,Gerente de desenvolvimento,04 Oct 2017
Daniela,Rezende Da Rocha,,Atac Sistemas,Líder de negócios e projetos de implantação,04 Oct 2017
Wagner,Dias,,SmarttBot,Group Product Manager,04 Oct 2017
Carlos,Barbieri,,"PUC Minas, FGV-RJ(Fundação Getúlio Vargas) e PUC-Rio","Professor-Pós-Graduação de Governança e Qualidade de dados em cursos de BI, BIG Data&Data Science",04 Oct 2017
Thiago,Vilas Boas,,Bolt Energy,Coordenador Comercial,04 Oct 2017
Rodrigo,Magno,rcmagnobh@yahoo.com.br,Unimed-BH,Product Owner,04 Oct 2017
,,,,,03 Oct 2017
Israel,Santiago,,TOTVS,Agile Master,02 Oct 2017
RODNEI,CALDEIRA,,Cimento Nacional,CRO - LIDER de TURNO,02 Oct 2017
Rodrigo José,Alves Silva,,Zap Gráfica Online,Administrador de Redes Senior,29 Sep 2017
Robson,Morais,robsonmorais@hotmail.com,Stellantis,ICT Supervisor,28 Sep 2017
Criare,Tecnologia e Informação,,,,28 Sep 2017
Thiago,Loschi,,Shopify,Engineering Manager,28 Sep 2017
André,Bustamante de Carvalho,,"Brighterion, a Mastercard Company",Market Delivery Analyst,27 Sep 2017
Naiara,Duarte,,Squadra Digital,Head Of Capacity,25 Sep 2017
Lana,Silva,,Hotmart,Tech Recruiter | Talent Acquisition,25 Sep 2017
Thiago Chierici,Cunha,,CI&T,Technical Manager,23 Sep 2017
Diego,Yrton,,Banco Bmg,Coordenador de Cobrança - Sustentação e Projetos,23 Sep 2017
Marco Aurélio,Schroeder,,Universidade Federal de Sao Joao del-Rei,Professor Associado IV,22 Sep 2017
Marcio,Moreira,,Brastel - Telecomunicações & Outsourcing,Diretor executivo,22 Sep 2017
Luan Lucas,Bonadie,,Agência Influenciadora,Diretor,22 Sep 2017
Débora,Brumer,,Conexa Saúde,Group Product Manager ,21 Sep 2017
Barbara Hamina,Ramos,,Dimensa Tecnologia,Analista de negócios,21 Sep 2017
Francielly,Rodrigues,,Fiotec - Fundação de Apoio à Fiocruz,Desenvolvedora Web,20 Sep 2017
Guilherme,Simoes,,Fatto Software Consulting,Owner,20 Sep 2017
Anderson,Clayton Guimarães,,e-Auditoria - 3ª Geração de Auditoria Digital,Analista de Suporte nível 2,20 Sep 2017
Kathlen,Fazzion,,O Legítimo Rocambole,Gerente de bar e restaurante,19 Sep 2017
Leandro,Ribeiro,,Accenture,Data Science Consultant,18 Sep 2017
Elias Rodrigues, de  Oliveira,,Fácil Informática,Analista de sistemas sênior,18 Sep 2017
Danilo,dos Santos da Fonte,,Accenture Brasil,Business & Integration Arch Manager,17 Sep 2017
Mônica Neli,de Resende,,Agências de Publicidade,Desenvolvedor Web Freelancer,16 Sep 2017
Felipe,Assunção,,Vale,Analista de Recursos Humanos Pleno,16 Sep 2017
JOEL,BONIFACIO,,VIP PRODUÇÕES E EVENTOS,SOCIO PROPIETÁRIO,16 Sep 2017
Vinícius,Ribeiro,,Loba Marketing,Produtor de conteúdo,15 Sep 2017
Sérgio,Brasil,,act digital,Product Owner,15 Sep 2017
Larissa,Neves Viana,,Accenture,Software Developer Analyst,15 Sep 2017
André,Parreira,,Editora Unitrinus,Gerente executivo,15 Sep 2017
Felipe,Braga,,Bradesco,Caixa,14 Sep 2017
Marcio ,Guimaraes (Perfil 2),,Data Skills,CEO,14 Sep 2017
Maykon,Nogueira,,iCreate Consulting,OutSystems Developer,14 Sep 2017
Leandro,Moreira,,RoviSys,Software Engineer,14 Sep 2017
Lourival,Alves de Lima Filho,,American Medical Ltda,Analista de processos de sistemas,14 Sep 2017
Felipe,Vilella,,Cubos Tecnologia,Back End Developer Pleno,14 Sep 2017
Heloy,Braga,,Marelli,Financial control analyst ,14 Sep 2017
ROGERIO FABIANO,DA SILVA,,Gerdau,Técnico Mecânico Pleno,13 Sep 2017
Rilson,Oliveira,,Localiza,Coordenador de Engenharia de Software,13 Sep 2017
Fabio,"Gaudencio, PMP, ITIL, MBA",,ArcelorMittal Sistemas,PMO (Escritório de projetos),13 Sep 2017
Nely,Ribeiro,,Escola Municipal Marcos de Oliveira Braga,Professora P1,13 Sep 2017
Adilson,Junior,aolvjunior@gmail.com,Solutis Tecnologias,Agile Coach,13 Sep 2017
Alberto,Ribeiro Azevedo,,VMI Security,Analista de Infraestrutura ll,13 Sep 2017
Romero,Reis Mauro,,Indra,Senior Executive Account Manager,13 Sep 2017
Guilherme,de Castro,,Grupo MAG,Planejador financeiro,13 Sep 2017
Adriano,Nascimento,,Alfa Design Softwares,Diretor,13 Sep 2017
Felipe,Rodrigues,,GFT Group,QA Specialist,13 Sep 2017
Davidson,Jacob da Silva Santos,,LogComex,Analista de QA,13 Sep 2017
César,Augusto,,Iteris Consultoria e Software,Tech Leader,13 Sep 2017
,,,,,13 Sep 2017
ANTONIO,CANDIDO SOBRINHO,,F5 INFORMATICA,SÓCIO / DIRETOR ,12 Sep 2017
Geraldo,Nazareth,,WPS Brasil,Analista de infraestrutura de TI,12 Sep 2017
Aline ,Lima de Senna,,yellow.rec,Recruitment Manager ,11 Sep 2017
RBN ,Consultoria,,RBN Consultoria e Treinamento,Company Owner,11 Sep 2017
Marcos,Alves,,FITec,Data scientist,11 Sep 2017
Valmir,Rocha,,Prefeitura Municipal de Uru,Mestre de Obras ,11 Sep 2017
Rafael," Matos, MSc.",,Itaú Unibanco,Senior risk modeling analyst / Data Scientist,11 Sep 2017
Amit,Kalsi,,Upwork,Reputation Management,09 Sep 2017
Luciana,Moraes,,"Consultoura em Direito Público em especial : Licitações, Contratos Públicos e Terceiro Setor ",Sim,07 Sep 2017
César,Lima,,Strategie Consultoria em Gestão,Head de Consultoria,07 Sep 2017
Fernanda,Candido,,Fernanda Candido Arquiteta,Fernanda Candido Arquiteta,06 Sep 2017
Revista,Donde,,Revista Donde tem Cultura,Proprietário,06 Sep 2017
Marcos André,Heidemann,,Oi,Consultor de Ciência de Dados,06 Sep 2017
Antonino,da Costa Vital Jr.,,Sidia Instituto de Ciência e Tecnologia,Technical Coordinator,06 Sep 2017
Luís Carlos,Fernandes,,Localiza,Analista de Performance e SEO Sênior,06 Sep 2017
Mirele,Longatti,,Bratti - Marketing Digital,Diretora de marketing/conteúdo na Bratti - Marketing Digital,06 Sep 2017
Cristiano,Soares,,OCondutor,Especialista em aprendizagem e desenvolvimento,05 Sep 2017
Thiago,Schons,,Accenture,Senior Software Engineer,05 Sep 2017
Alan,Cardoso,,Luizalabs,Cientista de Dados - Especialista em Recomendações,05 Sep 2017
Thales,Vilela Barbosa,,Criare Informática,Analista Desenvolvedor Pleno,05 Sep 2017
Ronan,Lopes,,Hy Brazil Energia,CTO,05 Sep 2017
Giovanni,Sá,,BITKA Analytics,Data Scientist,05 Sep 2017
Ronan,Diniz C Portela,,IEBT Inovação,Desenvolvedor web,05 Sep 2017
Hilda Brasil,Gomide,,ISP MASTER,CEO,05 Sep 2017
João Victor,Magela,,XP Inc.,Desenvolvedor de back end,05 Sep 2017
Geraldo,Davin,,Bozel Brasil S.A.,Analista de T.I.,05 Sep 2017
Janaína,Paixão,,iZap,Agile Master,05 Sep 2017
Daniela,Quintana,,Somos CRM Services,Executiva de negócios,05 Sep 2017
Eduardo,Xavier,,Capgemini,Salesforce Architect,05 Sep 2017
Máyra,Fernandes das Neves,,Globant,Leader,05 Sep 2017
Rodrigo,Carvalho,,ibeletro Energia,Diretor comercial,05 Sep 2017
Fabrício,Brito,,Em busca de recolocação,Analista de Logística / Analista de Supply Chain | Em busca de recolocação,05 Sep 2017
Robson,Avelar Rezende,,Bwtech,Head of IT - Cloud - Cybersecurity ,05 Sep 2017
William,Tavares,,Wtll,Desenvolvedor front-end e back-end,05 Sep 2017
Pedro  Henrique,da Silva,,BluePanda Solutions,Software Development Consultant,05 Sep 2017
Renan,Ribeiro,,Dinex Engenharia Mineral,Gerente de contratos,05 Sep 2017
Weliton,N Lima,,Afya,Coordenador de sistemas,05 Sep 2017
Yasmin,Silva Martins,,Universidade Federal de Itajubá - Unifei,Pesquisadora em Engenharia de Produção,05 Sep 2017
Lucas,Toniolo,,Wabtec Corporation,Field Engineer,05 Sep 2017
Daniel M.,Antunes,,Unimed-BH,Arquiteto de software,05 Sep 2017
Renan,Azalim,,dti digital,Lead Developer,05 Sep 2017
Bárbara,Lisboa,,Loggi,Product Manager,05 Sep 2017
Felipe,Teixeira,,Bravado,"Director of Engineering, LatAm",05 Sep 2017
Alan,Teles,,BlueSky Solutions lda ,Salesforce  Consultant,05 Sep 2017
Taís,Bedendo do Valle,,Sankhya Gestão de Negócios,Squad Lead,05 Sep 2017
Izabelle ,Moreira,izabelle.paixao.moreira@gmail.com,Base2 Tecnologia,Especialista em automação de testes,05 Sep 2017
Anderson,Silva,,Miniclip,Senior 2D/3D Generalist Artist,05 Sep 2017
Henderson,Saldonas,,Ternium,Maintenance Manager Global,05 Sep 2017
Geordanny Alam,Reis,,JPA AGRO,Operador Autônomo de Mercado,05 Sep 2017
Vitor,do Carmo,,Twist,Data Scientist,05 Sep 2017
Christiane,Magid Rodrigues Assun ,,Banco do Brasil,Agente comercial,05 Sep 2017
Gleiner,Pelluzzi,,Gerencianet,Data Analyst,05 Sep 2017
Ciro,"Schalioni, CEA®",,Scopo Finanças Pessoais,Consultor CVM,05 Sep 2017
Leandro,Avelar,,Grupo JPA,CEO,05 Sep 2017
Luiz Carlos,Oliveira,,Andela,Senior Software Engineer,05 Sep 2017
Maria Eduarda,Pazeli,,Banco Inter,Software Developer,05 Sep 2017
Walkiria,Resende Vieira,,Itaú Unibanco,Lead Data Scientist,05 Sep 2017
Elkson,Eller,,GeekHunter,Desenvolvedor full stack,05 Sep 2017
Antônio Marcos,Machado Bernardes,,Accenture,Analytics Consultant,05 Sep 2017
Ana Izabel,Rezende,,TOTVS,Analista de sistemas,05 Sep 2017
Matheus,Felipe,,Sigga - Workforce Technologies,Analista de sistemas sênior,05 Sep 2017
Fernando,Vale,,Senac São Paulo,Analista Programador Java,05 Sep 2017
George,Freitas,,Rappi,Coordenador Logístico II - CD  RJ,04 Sep 2017
João Fernando,Baraky,,App Masters,Desenvolvedor Javascript,04 Sep 2017
Tarsys,Fonseca França,,Stilingue,Especialista de desenvolvimento | Front-end,03 Sep 2017
Gabriel,Temponi,,Hotmart,Global Business Engagement Manager,03 Sep 2017
Jonas,Wegar,,RenyLab Diagnósticos In Vitro,Analista de Garantia da Qualidade,02 Sep 2017
Cristiane,Ferreira,cristyferreira@uol.com.br,Cummins Inc.,Product Manager Supervisor for Brazil and BUPA ,02 Sep 2017
Nara,Nunes,,Toyota Naas ,Marketing Executive,02 Sep 2017
Diego,Franck,,Tweak,Frontend Developer,02 Sep 2017
Viviane,Prado ,,Consultoria de Marketing ,Marketing Integrado,02 Sep 2017
Moacir,de Jesus,moacir.mok@gmail.com,JC Ilhós,Gerente de Produção e Operações,02 Sep 2017
Marco Antônio,Araújo,,"Instituto Federal de Educação, Ciência e Tecnologia do Sudeste de Minas Gerais",Professor,02 Sep 2017
Iohana,Ruiz 🇧🇷🇨🇱🇺🇸,,Convertedin,Country Manager (LATAM),01 Sep 2017
Emerson,Santiago Venancio,,MRS Logística,Analista Infraestrutura,01 Sep 2017
Raphael,Bernardo,,"Genesis Consulting Partners, LLC",Business Agility Consultant,31 Aug 2017
Leonardo,Costa,,SmartCompras,CEO & Founder,30 Aug 2017
Marcelo ,Silva,,Volkswagen do Brasil,Operador de veículos industrias,30 Aug 2017
Felipe,Douglas Ferreira,,Bailey Nurseries,Estagiário em Fitopatologia,30 Aug 2017
Alice,Teixeira,,,,30 Aug 2017
Elenice,Oliveira,,Super Mercado Bahamas,Fiscal de caixa,29 Aug 2017
Lucas,Teixeira,,Compass.uol,Agile Master,19 Aug 2017
ADRIANO,NUNES DE SOUZA,,Dinocred Assessoria e Consultoria,Diretor executivo na Dinocred Assessoria e Consultoria,19 Aug 2017
Dayana,Ferreira,,BizCapital,Full Stack Developer,09 Aug 2017
Bruno,Guelli,,3C Services S/A,Analista de Projetos de AT Pleno,09 Aug 2017
Felipe,Reis,,Conecta,Gerente de loja,09 Aug 2017
Comp-Mark,Informatica,,COMP-MARK COMERCIO E SERVIÇOS DE INFORMATICA LTDA,Proprietário,08 Aug 2017
Tiago,Félix,,Bianca,Fundador,29 Jul 2017
Giovani,Falcometa da Cunha,,MRS Logística,Analista de sistemas,28 Jul 2017
Andrew,de Sousa Nunes Macedo,,Prefeitura Municipal de Lagoa Dourada,Contador Público,28 Jul 2017