Endorsement Date,Skill Name,Endorser First Name,Endorser Last Name,Endorsement Status
2022/11/05 01:22:28 UTC,Tableau,Stephanie,Fernandes,ACCEPTED
2022/11/05 01:22:28 UTC,"ETL (Extração, transformação e carregamento)",Stephanie,Fernandes,ACCEPTED
2022/11/05 01:22:20 UTC,Banco de dados,Stephanie,Fernandes,ACCEPTED
2022/11/05 01:22:18 UTC,Ciência de dados,Stephanie,Fernandes,ACCEPTED
2022/11/05 01:22:06 UTC,Analítica de dados,Stephanie,Fernandes,ACCEPTED
2022/11/05 01:22:05 UTC,Análise exploratória de dados,Stephanie,Fernandes,ACCEPTED
2022/11/05 01:22:00 UTC,Modelagem de dados,Stephanie,Fernandes,ACCEPTED
2022/11/05 00:39:51 UTC,Tableau,João,Rosa,ACCEPTED
2022/11/05 00:39:50 UTC,"ETL (Extração, transformação e carregamento)",João,Rosa,ACCEPTED
2022/11/05 00:39:44 UTC,Análise de negócios,João,Rosa,ACCEPTED
2022/11/05 00:39:42 UTC,Comunicação,João,Rosa,ACCEPTED
2022/11/05 00:39:40 UTC,R (linguagem de programação),João,Rosa,ACCEPTED
2022/11/05 00:39:39 UTC,Banco de dados,João,Rosa,ACCEPTED
2022/11/05 00:39:38 UTC,Ciência de dados,João,Rosa,ACCEPTED
2022/11/05 00:39:37 UTC,Análise de dados estatísticos,João,Rosa,ACCEPTED
2022/11/05 00:39:35 UTC,Data warehouse,João,Rosa,ACCEPTED
2022/11/05 00:37:41 UTC,Resolução de problemas,João,Rosa,ACCEPTED
2022/11/05 00:37:41 UTC,Big data,João,Rosa,ACCEPTED
2022/11/05 00:37:38 UTC,Analítica de dados,João,Rosa,ACCEPTED
2022/11/05 00:37:37 UTC,Análise exploratória de dados,João,Rosa,ACCEPTED
2022/11/05 00:37:36 UTC,Modelagem de dados,João,Rosa,ACCEPTED
2022/11/05 00:37:35 UTC,UML (Linguagem de modelagem unificada),João,Rosa,ACCEPTED
2022/11/05 00:37:34 UTC,Kanban,João,Rosa,ACCEPTED
2022/11/05 00:36:51 UTC,Inteligência de negócios (BI),Lucas,Canella,ACCEPTED
2022/11/05 00:36:38 UTC,Análise de dados,Lucas,Canella,ACCEPTED
2022/11/05 00:36:29 UTC,Kanban,Lucas,Canella,ACCEPTED
2022/11/05 00:36:27 UTC,Microsoft Power BI,Lucas,Canella,ACCEPTED
2022/11/05 00:36:20 UTC,Comunicação,Lucas,Canella,ACCEPTED
2022/11/05 00:36:19 UTC,Relatórios de indicadores-chave de desempenho (KPI),João,Rosa,ACCEPTED
2022/11/05 00:36:19 UTC,Hadoop,João,Rosa,ACCEPTED
2022/11/05 00:36:18 UTC,Banco de dados,Lucas,Canella,ACCEPTED
2022/11/05 00:36:13 UTC,Resolução de problemas,Lucas,Canella,ACCEPTED
2022/11/05 00:36:12 UTC,Big data,Lucas,Canella,ACCEPTED
2022/11/05 00:36:11 UTC,Analítica de dados,Lucas,Canella,ACCEPTED
2022/11/05 00:36:08 UTC,Modelagem de dados,Lucas,Canella,ACCEPTED
2022/11/05 00:35:59 UTC,Windows Azure,João,Rosa,ACCEPTED
2022/11/05 00:35:58 UTC,Análise exploratória de dados,Lucas,Canella,ACCEPTED
2022/11/05 00:35:58 UTC,Apache Spark,João,Rosa,ACCEPTED
2022/10/20 17:38:06 UTC,Análise de Big Data,Matheus,Costa,ACCEPTED
2022/10/20 17:37:58 UTC,Inteligência de negócios (BI),Matheus,Costa,ACCEPTED
2022/10/20 17:37:57 UTC,Google Data Studio,Matheus,Costa,ACCEPTED
2022/10/20 17:37:49 UTC,Metodologias Agile,Matheus,Costa,ACCEPTED
2022/10/20 17:37:32 UTC,Microsoft Power BI,Matheus,Costa,ACCEPTED
2022/10/20 17:37:28 UTC,Análise de dados,Matheus,Costa,ACCEPTED
2022/10/20 17:37:17 UTC,DAX (Expressões de análise de dados),Matheus,Costa,ACCEPTED
2022/10/20 17:37:13 UTC,Tableau,Matheus,Costa,ACCEPTED
2022/10/20 17:37:13 UTC,"ETL (Extração, transformação e carregamento)",Matheus,Costa,ACCEPTED
2022/10/20 17:37:12 UTC,Comunicação,Matheus,Costa,ACCEPTED
2022/10/20 17:37:09 UTC,Banco de dados,Matheus,Costa,ACCEPTED
2022/10/20 17:37:07 UTC,Análise de dados estatísticos,Matheus,Costa,ACCEPTED
2022/10/20 17:37:06 UTC,Data warehouse,Matheus,Costa,ACCEPTED
2022/10/20 17:37:05 UTC,Resolução de problemas,Matheus,Costa,ACCEPTED
2022/10/20 17:37:04 UTC,Big data,Matheus,Costa,ACCEPTED
2022/10/20 17:37:03 UTC,Analítica de dados,Matheus,Costa,ACCEPTED
2022/10/20 17:37:03 UTC,Análise exploratória de dados,Matheus,Costa,ACCEPTED
2022/10/20 17:37:02 UTC,Modelagem de dados,Matheus,Costa,ACCEPTED
2022/10/20 17:36:59 UTC,Kanban,Matheus,Costa,ACCEPTED
2022/10/20 17:36:58 UTC,Relatórios de indicadores-chave de desempenho (KPI),Matheus,Costa,ACCEPTED
2022/10/20 16:25:17 UTC,Análise de dados estatísticos,Pedro,Zandonai,ACCEPTED
2022/10/20 16:25:16 UTC,Data warehouse,Pedro,Zandonai,ACCEPTED
2022/10/20 16:25:12 UTC,Resolução de problemas,Pedro,Zandonai,ACCEPTED
2022/10/20 16:25:11 UTC,Big data,Pedro,Zandonai,ACCEPTED
2022/10/20 16:25:10 UTC,Analítica de dados,Pedro,Zandonai,ACCEPTED
2022/10/20 16:25:08 UTC,Análise exploratória de dados,Pedro,Zandonai,ACCEPTED
2022/10/20 16:25:07 UTC,Modelagem de dados,Pedro,Zandonai,ACCEPTED
2022/10/20 16:25:05 UTC,UML (Linguagem de modelagem unificada),Pedro,Zandonai,ACCEPTED
2022/10/20 16:25:05 UTC,Kanban,Pedro,Zandonai,ACCEPTED
2022/10/20 16:25:03 UTC,Relatórios de indicadores-chave de desempenho (KPI),Pedro,Zandonai,ACCEPTED
2022/10/20 13:54:50 UTC,Microsoft Excel,Ícaro ,Rangel,ACCEPTED
2022/10/20 13:54:39 UTC,Microsoft Power BI,Ícaro ,Rangel,ACCEPTED
2022/10/20 13:54:32 UTC,Comunicação,Ícaro ,Rangel,ACCEPTED
2022/10/20 13:54:25 UTC,Análise exploratória de dados,Ícaro ,Rangel,ACCEPTED
2022/10/20 13:54:23 UTC,Resolução de problemas,Ícaro ,Rangel,ACCEPTED
2022/10/20 13:54:16 UTC,UML (Linguagem de modelagem unificada),Ícaro ,Rangel,ACCEPTED
2022/10/20 13:54:15 UTC,Kanban,Ícaro ,Rangel,ACCEPTED
2022/10/20 13:54:15 UTC,Relatórios de indicadores-chave de desempenho (KPI),Ícaro ,Rangel,ACCEPTED
2022/10/18 01:01:49 UTC,Google Analytics,Ronald,Gaspar Leon,ACCEPTED
2022/10/18 01:01:48 UTC,MySQL,Ronald,Gaspar Leon,ACCEPTED
2022/10/18 01:01:44 UTC,Desenvolvimento Web,Ronald,Gaspar Leon,ACCEPTED
2022/10/18 01:01:43 UTC,SQL,Ronald,Gaspar Leon,ACCEPTED
2022/10/18 01:01:42 UTC,Python,Ronald,Gaspar Leon,ACCEPTED
2022/10/18 01:01:41 UTC,Colaboração entre equipes,Ronald,Gaspar Leon,ACCEPTED
2022/10/18 01:01:40 UTC,Análise de Big Data,Ronald,Gaspar Leon,ACCEPTED
2022/10/18 01:01:39 UTC,Inteligência emocional,Ronald,Gaspar Leon,ACCEPTED
2022/10/18 01:01:37 UTC,Microsoft Office,Ronald,Gaspar Leon,ACCEPTED
2022/10/18 01:01:36 UTC,PostgreSQL,Ronald,Gaspar Leon,ACCEPTED
2022/10/18 01:01:33 UTC,Trabalho em equipe,Ronald,Gaspar Leon,ACCEPTED
2022/10/18 01:01:32 UTC,Microsoft Excel,Ronald,Gaspar Leon,ACCEPTED
2022/10/18 01:01:31 UTC,Inteligência de negócios (BI),Ronald,Gaspar Leon,ACCEPTED
2022/10/18 01:01:30 UTC,Google Data Studio,Ronald,Gaspar Leon,ACCEPTED
2022/10/18 01:01:29 UTC,Metodologias Agile,Ronald,Gaspar Leon,ACCEPTED
2022/10/18 01:01:27 UTC,Microsoft Power BI,Ronald,Gaspar Leon,ACCEPTED
2022/10/18 01:01:26 UTC,Análise de dados,Ronald,Gaspar Leon,ACCEPTED
2022/10/18 01:01:25 UTC,Git,Ronald,Gaspar Leon,ACCEPTED
2022/10/18 01:01:24 UTC,GitHub,Ronald,Gaspar Leon,ACCEPTED
2022/10/18 01:01:23 UTC,Scrum,Ronald,Gaspar Leon,ACCEPTED
2022/10/18 01:01:21 UTC,DAX (Expressões de análise de dados),Ronald,Gaspar Leon,ACCEPTED
2022/10/18 01:01:19 UTC,Capacidade de adaptação,Ronald,Gaspar Leon,ACCEPTED
2022/10/17 20:27:04 UTC,Scrum,Yasmin,Braga,ACCEPTED
2022/10/17 20:26:52 UTC,DAX (Expressões de análise de dados),Yasmin,Braga,ACCEPTED
2022/10/17 20:26:51 UTC,Capacidade de adaptação,Yasmin,Braga,ACCEPTED
2022/10/14 18:54:19 UTC,Google Analytics,Yasmin,Braga,ACCEPTED
2022/10/14 18:54:17 UTC,MySQL,Yasmin,Braga,ACCEPTED
2022/10/14 18:54:16 UTC,Desenvolvimento Web,Yasmin,Braga,ACCEPTED
2022/10/14 18:54:14 UTC,SQL,Yasmin,Braga,ACCEPTED
2022/10/14 18:54:13 UTC,Python,Yasmin,Braga,ACCEPTED
2022/10/14 18:54:08 UTC,Colaboração entre equipes,Yasmin,Braga,ACCEPTED
2022/10/14 18:54:07 UTC,Análise de Big Data,Yasmin,Braga,ACCEPTED
2022/10/14 18:54:05 UTC,Microsoft Office,Yasmin,Braga,ACCEPTED
2022/10/14 18:54:04 UTC,Inteligência emocional,Yasmin,Braga,ACCEPTED
2022/10/14 18:54:01 UTC,PostgreSQL,Yasmin,Braga,ACCEPTED
2022/10/14 18:53:56 UTC,Microsoft Excel,Yasmin,Braga,ACCEPTED
2022/10/14 18:53:53 UTC,Trabalho em equipe,Yasmin,Braga,ACCEPTED
2022/10/14 18:53:50 UTC,Inteligência de negócios (BI),Yasmin,Braga,ACCEPTED
2022/10/14 18:53:49 UTC,Google Data Studio,Yasmin,Braga,ACCEPTED
2022/10/14 18:53:46 UTC,Metodologias Agile,Yasmin,Braga,ACCEPTED
2022/10/14 18:53:42 UTC,Microsoft Power BI,Yasmin,Braga,ACCEPTED
2022/10/14 18:53:41 UTC,Análise de dados,Yasmin,Braga,ACCEPTED
2022/10/14 18:53:40 UTC,Git,Yasmin,Braga,ACCEPTED
2022/10/14 18:53:39 UTC,GitHub,Yasmin,Braga,ACCEPTED
2022/09/29 14:24:44 UTC,Google Analytics,Rafael,Barreto França,ACCEPTED
2022/09/29 14:24:42 UTC,MySQL,Rafael,Barreto França,ACCEPTED
2022/09/29 14:24:42 UTC,Desenvolvimento Web,Rafael,Barreto França,ACCEPTED
2022/09/29 14:24:40 UTC,SQL,Rafael,Barreto França,ACCEPTED
2022/09/29 14:24:39 UTC,Python,Rafael,Barreto França,ACCEPTED
2022/09/29 14:24:37 UTC,Colaboração entre equipes,Rafael,Barreto França,ACCEPTED
2022/09/29 14:24:37 UTC,Análise de Big Data,Rafael,Barreto França,ACCEPTED
2022/09/29 14:24:35 UTC,Inteligência emocional,Rafael,Barreto França,ACCEPTED
2022/09/29 14:24:34 UTC,Microsoft Office,Rafael,Barreto França,ACCEPTED
2022/09/29 14:24:33 UTC,PostgreSQL,Rafael,Barreto França,ACCEPTED
2022/09/29 14:24:31 UTC,Trabalho em equipe,Rafael,Barreto França,ACCEPTED
2022/09/29 14:24:31 UTC,Microsoft Excel,Rafael,Barreto França,ACCEPTED
2022/09/29 14:24:30 UTC,Inteligência de negócios (BI),Rafael,Barreto França,ACCEPTED
2022/09/29 14:24:29 UTC,Google Data Studio,Rafael,Barreto França,ACCEPTED
2022/09/29 14:24:28 UTC,Metodologias Agile,Rafael,Barreto França,ACCEPTED
2022/09/29 14:24:26 UTC,Microsoft Power BI,Rafael,Barreto França,ACCEPTED
2022/09/29 14:24:26 UTC,Análise de dados,Rafael,Barreto França,ACCEPTED
2022/09/29 14:24:22 UTC,Git,Rafael,Barreto França,ACCEPTED
2022/09/29 14:24:21 UTC,GitHub,Rafael,Barreto França,ACCEPTED
2022/08/31 12:52:27 UTC,Microsoft Power BI,Venito,Gules de Lima,ACCEPTED
2022/08/31 12:52:24 UTC,Google Analytics,Venito,Gules de Lima,ACCEPTED
2022/08/31 12:52:22 UTC,MySQL,Venito,Gules de Lima,ACCEPTED
2022/08/31 12:52:20 UTC,Análise de dados,Venito,Gules de Lima,ACCEPTED
2022/08/31 12:52:18 UTC,Desenvolvimento Web,Venito,Gules de Lima,ACCEPTED
2022/08/31 12:52:17 UTC,SQL,Venito,Gules de Lima,ACCEPTED
2022/08/31 12:52:15 UTC,Google Data Studio,Venito,Gules de Lima,ACCEPTED
2022/08/31 12:52:13 UTC,Python,Venito,Gules de Lima,ACCEPTED
2022/08/31 12:52:11 UTC,Metodologias Agile,Venito,Gules de Lima,ACCEPTED
2022/08/31 12:52:10 UTC,Microsoft Excel,Venito,Gules de Lima,ACCEPTED
2022/08/31 12:52:09 UTC,Colaboração entre equipes,Venito,Gules de Lima,ACCEPTED
2022/08/31 12:52:07 UTC,Análise de Big Data,Venito,Gules de Lima,ACCEPTED
2022/08/31 12:52:06 UTC,Inteligência emocional,Venito,Gules de Lima,ACCEPTED
2022/08/31 12:52:05 UTC,Trabalho em equipe,Venito,Gules de Lima,ACCEPTED
2022/08/31 12:52:04 UTC,Microsoft Office,Venito,Gules de Lima,ACCEPTED
2022/08/31 12:52:02 UTC,PostgreSQL,Venito,Gules de Lima,ACCEPTED
2022/08/26 10:23:18 UTC,Microsoft Power BI,José,Maury,ACCEPTED
2022/08/26 10:23:18 UTC,MySQL,José,Maury,ACCEPTED
2022/08/26 10:23:17 UTC,Análise de dados,José,Maury,ACCEPTED
2022/08/26 10:23:16 UTC,Inteligência de negócios (BI),José,Maury,ACCEPTED
2022/08/26 10:23:15 UTC,Desenvolvimento Web,José,Maury,ACCEPTED
2022/08/26 10:23:15 UTC,SQL,José,Maury,ACCEPTED
2022/08/26 10:23:13 UTC,Python,José,Maury,ACCEPTED
2022/08/26 10:23:12 UTC,Metodologias Agile,José,Maury,ACCEPTED
2022/08/26 10:23:11 UTC,Microsoft Excel,José,Maury,ACCEPTED
2022/08/26 10:23:11 UTC,Colaboração entre equipes,José,Maury,ACCEPTED
2022/08/26 10:23:09 UTC,Análise de Big Data,José,Maury,ACCEPTED
2022/08/26 10:23:09 UTC,Inteligência emocional,José,Maury,ACCEPTED
2022/08/26 10:23:05 UTC,Trabalho em equipe,José,Maury,ACCEPTED
2022/08/26 10:23:04 UTC,Microsoft Office,José,Maury,ACCEPTED
2022/08/26 10:23:03 UTC,PostgreSQL,José,Maury,ACCEPTED
2022/08/23 18:22:28 UTC,Microsoft Power BI,Láuren,Amorim Pivetta,ACCEPTED
2022/08/23 18:22:27 UTC,MySQL,Láuren,Amorim Pivetta,ACCEPTED
2022/08/23 18:22:25 UTC,Análise de dados,Láuren,Amorim Pivetta,ACCEPTED
2022/08/23 18:22:24 UTC,Inteligência de negócios (BI),Láuren,Amorim Pivetta,ACCEPTED
2022/08/23 18:22:23 UTC,SQL,Láuren,Amorim Pivetta,ACCEPTED
2022/08/23 18:22:20 UTC,Metodologias Agile,Láuren,Amorim Pivetta,ACCEPTED
2022/08/23 18:22:19 UTC,Microsoft Excel,Láuren,Amorim Pivetta,ACCEPTED
2022/08/23 18:22:17 UTC,Análise de Big Data,Láuren,Amorim Pivetta,ACCEPTED
2022/08/23 18:22:14 UTC,PostgreSQL,Láuren,Amorim Pivetta,ACCEPTED
2022/08/22 12:37:07 UTC,Google Analytics,Victor,Lisboa,ACCEPTED
2022/08/22 12:37:05 UTC,Microsoft Power BI,Victor,Lisboa,ACCEPTED
2022/08/22 12:37:04 UTC,MySQL,Victor,Lisboa,ACCEPTED
2022/08/22 12:37:03 UTC,Análise de dados,Victor,Lisboa,ACCEPTED
2022/08/22 12:36:57 UTC,Inteligência de negócios (BI),Victor,Lisboa,ACCEPTED
2022/08/22 12:36:55 UTC,Desenvolvimento Web,Victor,Lisboa,ACCEPTED
2022/08/22 12:36:53 UTC,SQL,Victor,Lisboa,ACCEPTED
2022/08/22 12:36:51 UTC,Google Data Studio,Victor,Lisboa,ACCEPTED
2022/08/22 12:36:48 UTC,Python,Victor,Lisboa,ACCEPTED
2022/08/22 12:36:47 UTC,Metodologias Agile,Victor,Lisboa,ACCEPTED
2022/08/22 12:36:46 UTC,Microsoft Excel,Victor,Lisboa,ACCEPTED
2022/08/22 12:36:45 UTC,Colaboração entre equipes,Victor,Lisboa,ACCEPTED
2022/08/22 12:36:44 UTC,Análise de Big Data,Victor,Lisboa,ACCEPTED
2022/08/22 12:36:42 UTC,Inteligência emocional,Victor,Lisboa,ACCEPTED
2022/08/22 12:36:41 UTC,Trabalho em equipe,Victor,Lisboa,ACCEPTED
2022/08/22 12:36:40 UTC,Microsoft Office,Victor,Lisboa,ACCEPTED
2022/08/22 12:36:39 UTC,PostgreSQL,Victor,Lisboa,ACCEPTED
2022/08/20 01:26:03 UTC,Desenvolvimento Web,ALAN,AUGUSTIN,ACCEPTED
2022/08/20 01:26:00 UTC,Colaboração entre equipes,ALAN,AUGUSTIN,ACCEPTED
2022/08/20 01:25:58 UTC,Análise de Big Data,ALAN,AUGUSTIN,ACCEPTED
2022/08/20 01:25:58 UTC,Inteligência emocional,ALAN,AUGUSTIN,ACCEPTED
2022/08/19 19:26:20 UTC,Google Analytics,ALAN,AUGUSTIN,ACCEPTED
2022/08/19 19:26:18 UTC,Microsoft Power BI,ALAN,AUGUSTIN,ACCEPTED
2022/08/19 19:26:18 UTC,MySQL,ALAN,AUGUSTIN,ACCEPTED
2022/08/19 19:26:16 UTC,Análise de dados,ALAN,AUGUSTIN,ACCEPTED
2022/08/19 19:26:14 UTC,Inteligência de negócios (BI),ALAN,AUGUSTIN,ACCEPTED
2022/08/19 19:26:11 UTC,SQL,ALAN,AUGUSTIN,ACCEPTED
2022/08/19 19:26:10 UTC,Google Data Studio,ALAN,AUGUSTIN,ACCEPTED
2022/08/19 19:26:09 UTC,Python,ALAN,AUGUSTIN,ACCEPTED
2022/08/19 19:26:06 UTC,Metodologias Agile,ALAN,AUGUSTIN,ACCEPTED
2022/08/19 19:26:05 UTC,Microsoft Excel,ALAN,AUGUSTIN,ACCEPTED
2022/08/19 19:25:55 UTC,Trabalho em equipe,ALAN,AUGUSTIN,ACCEPTED
2022/08/19 19:25:52 UTC,Microsoft Office,ALAN,AUGUSTIN,ACCEPTED
2022/08/19 19:25:50 UTC,PostgreSQL,ALAN,AUGUSTIN,ACCEPTED
2022/08/19 19:07:39 UTC,Google Analytics,Djemison,Nakao,ACCEPTED
2022/08/19 19:07:38 UTC,Microsoft Power BI,Djemison,Nakao,ACCEPTED
2022/08/19 19:07:36 UTC,MySQL,Djemison,Nakao,ACCEPTED
2022/08/19 19:07:33 UTC,Análise de dados,Djemison,Nakao,ACCEPTED
2022/08/19 19:07:30 UTC,Inteligência de negócios (BI),Djemison,Nakao,ACCEPTED
2022/08/19 19:07:29 UTC,Desenvolvimento Web,Djemison,Nakao,ACCEPTED
2022/08/19 19:07:24 UTC,SQL,Djemison,Nakao,ACCEPTED
2022/08/19 19:07:23 UTC,Google Data Studio,Djemison,Nakao,ACCEPTED
2022/08/19 19:07:21 UTC,Python,Djemison,Nakao,ACCEPTED
2022/08/19 19:07:20 UTC,Metodologias Agile,Djemison,Nakao,ACCEPTED
2022/08/19 19:07:18 UTC,Microsoft Excel,Djemison,Nakao,ACCEPTED
2022/08/19 19:07:15 UTC,Análise de Big Data,Djemison,Nakao,ACCEPTED
2022/08/19 19:07:14 UTC,Inteligência emocional,Djemison,Nakao,ACCEPTED
2022/08/19 19:07:09 UTC,Trabalho em equipe,Djemison,Nakao,ACCEPTED
2022/08/19 19:07:04 UTC,Microsoft Office,Djemison,Nakao,ACCEPTED
2022/08/19 19:07:02 UTC,PostgreSQL,Djemison,Nakao,ACCEPTED
2022/08/19 19:02:04 UTC,Google Analytics,Mateus,Rabelo Horta,ACCEPTED
2022/08/19 19:02:04 UTC,Microsoft Power BI,Mateus,Rabelo Horta,ACCEPTED
2022/08/19 19:02:02 UTC,MySQL,Mateus,Rabelo Horta,ACCEPTED
2022/08/19 19:02:01 UTC,Análise de dados,Mateus,Rabelo Horta,ACCEPTED
2022/08/19 19:02:00 UTC,Inteligência de negócios (BI),Mateus,Rabelo Horta,ACCEPTED
2022/08/19 19:02:00 UTC,Desenvolvimento Web,Mateus,Rabelo Horta,ACCEPTED
2022/08/19 19:01:57 UTC,SQL,Mateus,Rabelo Horta,ACCEPTED
2022/08/19 19:01:55 UTC,Google Data Studio,Mateus,Rabelo Horta,ACCEPTED
2022/08/19 19:01:53 UTC,Python,Mateus,Rabelo Horta,ACCEPTED
2022/08/19 19:01:53 UTC,Metodologias Agile,Mateus,Rabelo Horta,ACCEPTED
2022/08/19 19:01:52 UTC,Microsoft Excel,Mateus,Rabelo Horta,ACCEPTED
2022/08/19 19:01:50 UTC,Colaboração entre equipes,Mateus,Rabelo Horta,ACCEPTED
2022/08/19 19:01:49 UTC,Análise de Big Data,Mateus,Rabelo Horta,ACCEPTED
2022/08/19 19:01:49 UTC,Inteligência emocional,Mateus,Rabelo Horta,ACCEPTED
2022/08/19 19:01:47 UTC,Trabalho em equipe,Mateus,Rabelo Horta,ACCEPTED
2022/08/19 19:01:45 UTC,PostgreSQL,Mateus,Rabelo Horta,ACCEPTED
2022/08/18 18:59:59 UTC,Google Analytics,Geizi,Félix,ACCEPTED
2022/08/18 18:59:57 UTC,Microsoft Power BI,Geizi,Félix,ACCEPTED
2022/08/18 18:59:53 UTC,MySQL,Geizi,Félix,ACCEPTED
2022/08/18 18:59:52 UTC,Análise de dados,Geizi,Félix,ACCEPTED
2022/08/18 18:59:50 UTC,Inteligência de negócios (BI),Geizi,Félix,ACCEPTED
2022/08/18 18:59:49 UTC,Desenvolvimento Web,Geizi,Félix,ACCEPTED
2022/08/18 18:59:47 UTC,SQL,Geizi,Félix,ACCEPTED
2022/08/18 18:59:45 UTC,Google Data Studio,Geizi,Félix,ACCEPTED
2022/08/18 18:59:44 UTC,Python,Geizi,Félix,ACCEPTED
2022/08/18 18:59:42 UTC,Metodologias Agile,Geizi,Félix,ACCEPTED
2022/08/18 18:59:35 UTC,Microsoft Excel,Geizi,Félix,ACCEPTED
2022/08/18 18:59:32 UTC,Colaboração entre equipes,Geizi,Félix,ACCEPTED
2022/08/18 18:59:30 UTC,Análise de Big Data,Geizi,Félix,ACCEPTED
2022/08/18 18:59:15 UTC,Inteligência emocional,Geizi,Félix,ACCEPTED
2022/08/18 18:59:09 UTC,Trabalho em equipe,Geizi,Félix,ACCEPTED
2022/08/18 18:59:08 UTC,Microsoft Office,Geizi,Félix,ACCEPTED
2022/08/18 18:59:06 UTC,PostgreSQL,Geizi,Félix,ACCEPTED
2022/08/12 18:44:16 UTC,Desenvolvimento Web,Luciano,Ungaro,ACCEPTED
2022/08/12 18:44:15 UTC,SQL,Luciano,Ungaro,ACCEPTED
2022/08/12 18:44:11 UTC,Google Data Studio,Luciano,Ungaro,ACCEPTED
2022/08/12 18:44:11 UTC,Python,Luciano,Ungaro,ACCEPTED
2022/08/12 18:44:08 UTC,Metodologias Agile,Luciano,Ungaro,ACCEPTED
2022/08/12 18:44:01 UTC,Trabalho em equipe,Luciano,Ungaro,ACCEPTED
2022/08/12 18:44:00 UTC,Microsoft Office,Luciano,Ungaro,ACCEPTED
2022/08/12 18:44:00 UTC,PostgreSQL,Luciano,Ungaro,ACCEPTED
2022/06/24 14:00:29 UTC,Desenvolvimento Web,Bruno,Guedes Da Silva,ACCEPTED
2022/06/24 14:00:25 UTC,Google Analytics,Bruno,Guedes Da Silva,ACCEPTED
2022/06/24 14:00:22 UTC,Microsoft Power BI,Bruno,Guedes Da Silva,ACCEPTED
2022/06/24 14:00:21 UTC,MySQL,Bruno,Guedes Da Silva,ACCEPTED
2022/06/24 14:00:20 UTC,Análise de dados,Bruno,Guedes Da Silva,ACCEPTED
2022/06/24 14:00:18 UTC,Inteligência de negócios (BI),Bruno,Guedes Da Silva,ACCEPTED
2022/06/24 14:00:12 UTC,SQL,Bruno,Guedes Da Silva,ACCEPTED
2022/06/24 14:00:11 UTC,Python,Bruno,Guedes Da Silva,ACCEPTED
2022/06/24 14:00:08 UTC,Google Data Studio,Bruno,Guedes Da Silva,ACCEPTED
2022/06/18 02:09:13 UTC,Python,Aline Ester,O. Gomes,ACCEPTED
2022/06/18 01:41:33 UTC,Google Analytics,Stephanie,Fernandes,ACCEPTED
2022/06/18 01:41:32 UTC,Microsoft Power BI,Stephanie,Fernandes,ACCEPTED
2022/06/18 01:41:30 UTC,Análise de dados,Stephanie,Fernandes,ACCEPTED
2022/06/18 01:41:25 UTC,SQL,Stephanie,Fernandes,ACCEPTED
2022/06/18 01:41:24 UTC,Python,Stephanie,Fernandes,ACCEPTED
2022/06/18 00:48:20 UTC,Análise de dados,João,Rosa,ACCEPTED
2022/06/18 00:48:18 UTC,SQL,João,Rosa,ACCEPTED
2022/06/18 00:48:02 UTC,Python,João,Rosa,ACCEPTED
2017/09/22 11:17:52 UTC,Desenvolvimento Web,Luan Lucas,Bonadie,ACCEPTED
