Title,Description,Url,Started On,Finished On
Chatbot de Atendimento à uma Clínica Veterinária em Python,"Projeto do módulo 1 do curso de Análise de Dados na Resilia, em que foi realizado um programa de chatbot com interação do usuário que percorre menus em 2 níveis. Utilizando estruturas de repetição, condicionais e funções na linguagem Python. Tivemos como resultado a execução do trabalho em squad com papéis para cada integrante, sendo abordado o trabalho em equipe, escuta ativa, resiliência e code together.",https://github.com/enilaester/Resilia-Modulo1-Chatbot,,Jun 2022
Pesquisa sobre o Mercado de Tecnologia,"Projeto do módulo 2 feito em Python utilizando conceitos de Programação Orientada a Objetos, estrutura de repetição, condicionais e funções built-in. A ideação do projeto é um sistema que pesquisa dados de uma amostra da população e percebe quais são suas ideias acerca do mercado de tecnologia.",https://github.com/Camilord1/ProjetoMod2,Jul 2022,Jul 2022
Banco de Dados ResiliaData,"Projeto desenvolvido no final do Módulo 3 do curso Data Analytics, da Resilia Educação. Em que foi gerada uma representação das entidades e seus respectivos atributos; Criada a modelagem do banco de dados; Criado os scripts SQL para criação das tabelas com seus respectivos atributos e com a base de dados criadas; Inserido alguns dados, executar algumas consultas para gerar informações estratégicas para a área de ensino da Resilia.",https://github.com/camillaruwel/_ProjetoM3,Jul 2022,Aug 2022
Dados para Abastecer,"Projeto desenvolvido como avaliação final do Módulo 4 do curso Data Analytics da Resilia Educação. Tendo como tema os dados da Agência Nacional de Petróleo e Gás Natural e Biocombustíveis (ANP), em que foi nos demandado a realização de uma análise exploratória relacionada à série histórica de preço de venda da gasolina e do etanol.",https://github.com/jaquelinesindie/ProjetoM4,Sep 2022,Oct 2022
