Organization,Followed On
Tata Consultancy Services,Tue Nov 01 19:25:18 UTC 2022
F1RST Tecnologia,Fri Oct 07 00:20:19 UTC 2022
Cobasi,Tue Aug 30 17:18:55 UTC 2022
NASA Jet Propulsion Laboratory,Wed Jul 13 17:20:11 UTC 2022
GitHub,Mon Jul 11 15:51:30 UTC 2022
Porto,Mon Jul 04 16:52:41 UTC 2022
RD,Thu Jun 30 23:53:39 UTC 2022
Claro Brasil,Thu Jun 30 23:09:32 UTC 2022
Alura,Fri Jun 24 03:13:58 UTC 2022
Abecs,Sat Jun 18 00:13:30 UTC 2022
Python Software Foundation,Wed Jun 15 14:41:11 UTC 2022
Stone,Wed Jun 15 14:40:45 UTC 2022
Santander Brasil,Wed Jun 15 14:40:36 UTC 2022
Itaú Unibanco,Wed Jun 15 14:40:34 UTC 2022
Bradesco,Wed Jun 15 14:40:33 UTC 2022
iFood,Wed Jun 15 14:40:32 UTC 2022
Resilia Educação,Tue May 17 15:38:15 UTC 2022
Universidade de São Paulo,Fri Nov 13 21:31:58 UTC 2020
Governo do Brasil,Wed Jul 01 16:28:33 UTC 2020
Page Talent - Estágios e Trainees,Wed Jun 24 23:46:04 UTC 2020
ETEC - Albert Einstein,Wed Jun 24 23:43:04 UTC 2020
Google,Wed Jun 24 23:36:45 UTC 2020
Fundação Getulio Vargas,Wed Jun 24 23:34:31 UTC 2020
LinkedIn,Wed Jun 24 23:34:28 UTC 2020
Nubank,Wed Jun 15 14:40:28 UTC 2022
Sumaré,Wed Jun 24 22:48:31 UTC 2020