Notes:
"When exporting your connection data, you may notice that some of the email addresses are missing. You will only see email addresses for connections who have allowed their connections to see or download their email address using this setting https://www.linkedin.com/psettings/privacy/email. You can learn more here https://www.linkedin.com/help/linkedin/answer/261"

First Name,Last Name,Email Address,Company,Position,Connected On
Gemenson,França,,Freelance,Desenvolvedor Full Stack PHP,28 Oct 2022
Nivea,Fernandes,,FEC - Fundação Euclides da Cunha,Auxiliar operacional,27 Oct 2022
Mário Xavier de,Almeida,,Assesso,Diretor de alianças estratégicas,26 Oct 2022
Gutemberg,Araújo,,CRM Syonet,Estagiário de desenvolvimento,25 Oct 2022
Maicon,Brendon,,Rock in Rio,Assistente de operações,23 Oct 2022
Luiz,Henrique,,UFRJ - Universidade Federal do Rio de Janeiro,Iniciação Científica em Movimento Browniano e Mecânica Quântica.,23 Oct 2022
Enrico,Martins,,Genyon Tecnologia,Desenvolvedor Front-End Júnior,23 Oct 2022
Éderson,Sousa Albino,,ONS - Operador Nacional do Sistema Elétrico,Analista de Dados e Soluções Análiticas IV,21 Oct 2022
Douglas,William Diniz e Silva,,Universidade Federal de Minas Gerais,Analista de Dados /  Supervisor,18 Oct 2022
Fabio,Caram,,Fabio Caram,Coach - Desenvolvimento e Expansão de Empresas,16 Oct 2022
Vinicius,de Azevedo Galego,,Suhai Seguradora,Especialista em dados,14 Oct 2022
Rodrigo,Galvão,,SENAI - Serviço Nacional de Aprendizagem Industrial,T.I Senai ,13 Oct 2022
Luciano,Gurski Torunsky,,Cia Zaffari,Coordenador de Abastecimento,13 Oct 2022
Sueli,Bolzani,,Fiat Chrysle do Brasil ,Analista Contábil Senior,13 Oct 2022
Larissa,Moura,,Polymer Plastic,Sales Development Representative,13 Oct 2022
João Pedro de Moura,Marinho,,HidroMotoresRC,Estagiário de informática ,13 Oct 2022
Leandro,do Prado Assunção,,ICF Instituto de Ciências Farmaceuticas ,Analista de dados/estatísticas,13 Oct 2022
Tatiane,Almeida Dolavale,,ScaledInnovation.In,PM na ScaledInnovation.in,13 Oct 2022
Wellington,Freitas,,Igreja Internacional da Graça de Deus,1/2 Oficial Eletricista,13 Oct 2022
Laryssa,Barba,,PwC Brasil,Associate Auditor,12 Oct 2022
Ivyan Larissa,Barros,,Universidade Federal Rural de Pernambuco,Tutor discente,11 Oct 2022
Carolina Tiaki,Kimoto,,Clinicap - Farmácia Clínica,Cofundadora,07 Oct 2022
Alain,Blanchard,,Data Meaning,Marketing Manager,07 Oct 2022
Rodrigo,de Almeida Leão,,Cruzeiro do Sul Educacional S/A,Analista de Business Intelligence Sênior,07 Oct 2022
JOVIANO,SILVEIRA,,Wanke SA,Controller,06 Oct 2022
Renatta,Miranda,,Recrute PJ,Diretora administrativa,05 Oct 2022
Murilo,Filho,,UFRPE,Ciências Sociais,05 Oct 2022
Willian,Carneiro,,Sound line estúdio e escola de música,Professor de guitarra,05 Oct 2022
Flávio,Fernandes Neves,,IBM,Master Technical Architect,03 Oct 2022
Diogo,Moura,,Data Mundo,Analista de dados,03 Oct 2022
Gabriela,Westphal Córdova,,IBM,Early Associate Intern,03 Oct 2022
Raymond,Dumee,,sustain credits,Chief Operations Officer,03 Oct 2022
Geany,A Santos,,Hipocampus Edtech,Diretora administrativa,02 Oct 2022
Maria Thereza,Dutra,mt_alpoim@id.uff.br,Grupo Asserth,Analista Jr Master Data,30 Sep 2022
Euclides,Silva,,Procisa do Brasil,Analista contábil,30 Sep 2022
Matheus,Zapparoli,,BIX Tecnologia - Consultoria de Dados,Consultor de BI,29 Sep 2022
Izidro,Pedro dos Santos Costa Filho,izidro@trdtecnologia.com.br,TRD TECNOLOGIA,Diretor Presidente,29 Sep 2022
Diego,Rezende,diegoguitargospel@yahoo.com.br,MDS Group,Analista de operações,29 Sep 2022
Eraldo,Junior,,Gvs Fruit Company Ltda,Desenvolvedor de software,28 Sep 2022
Dione,Cardoso.,,Algar Telecom,Account Manager Hunter III,28 Sep 2022
Wagner,Santos,,Polícia Militar do Estado do Rio de Janeiro - PMERJ,Senior Business Intelligence Analyst,28 Sep 2022
Igor,Rodrigues,,Inspira Rede de Educadores,Técnico em atendimento e vendas,28 Sep 2022
Magnus,Arthur,,suporte mg,Assistente de TI,27 Sep 2022
Ricardo ,de Souza Silva,r2d2ss@bol.com.br,GoodStorage,Assistente Tournant,27 Sep 2022
Carmo,Durante Neto,,CDN Consultoria em Tecnologia,Consultor SAP ABAP | HANA Sênior,26 Sep 2022
Willian,Wagner,,Checklist Fácil,Analista de Solução Bilíngue II ,26 Sep 2022
Allana,Montrose Faioli Loiola,,VLZM,Gerente comercial,22 Sep 2022
Gabriel,Lopes,,ENGECONSULT Consultores Técnicos - LCA Planejamento e Gestão,Assistente de projetos,22 Sep 2022
Gustavo,Celestrin,,Pacer Logística,Stockkeeper,20 Sep 2022
Adriano,Machado,,UFMG Informática Júnior,Orientador / Supervisor da Empresa Júnior,19 Sep 2022
Bruno,Leite Franco,,Sistema de Tecnologia e Monitoramento Ambiental do Paraná - SIMEPAR,Research And Development Intern,18 Sep 2022
Renata,Sousa,,Grupo Souza Lima,Auxiliar de limpeza,17 Sep 2022
Allan,Cruz,,Bosch Security and Safety Systems,Senior Backend Developer (External),17 Sep 2022
Salim Francisco,P.F,,Analyticdbi Business Intelligence,DataAnalytics em Power BI & Embedded Power BI,15 Sep 2022
Vitor,Mendes,,Leiaute Propaganda,Coordenador de TI,15 Sep 2022
Claudia,DAVI RODRIGUES,,Instituto Worldwide,Senior Sales Representative,15 Sep 2022
Nicholas,Paiva,,V4 Company,Analista de dados,15 Sep 2022
Julia,Monteiro ,,Grupo SOMA,Assistente de Planejamento Comercial | Foxton,14 Sep 2022
Sizwe,Mkhonto,,IBM,IBM Partner i2 Security Analyst,14 Sep 2022
Bruno,Vidal,,Paraná Banco S/A,Analista Desenvolvedor de BackEnd Sr,14 Sep 2022
Janayna,Fagundes,,Cartão de todos ,Vendedora,14 Sep 2022
Thiago,Almeida,,Global Hitss,Analista de Planejamento III,14 Sep 2022
Henrique,Oliveira  ,,Betel Corretora de Seguros,Corretor de seguros,13 Sep 2022
Millena,Morais,,,,13 Sep 2022
Luis Andre,Leandro dos Santos,,Ponto bit soluções tecnologicas,Analista de sistema,12 Sep 2022
Arthur Fuchs Reis,Reis ( PCD),,IBM,International Outsource Junior,12 Sep 2022
,,,,,11 Sep 2022
Ângelo,Almeida Pinto,,Grupo ATTO,Controle Patrimonial II,09 Sep 2022
Francisco,Belo,,Agis,Controlador de manutenção,08 Sep 2022
Diego,Galdino,,WEG Benelux ,Engenheiro de Projetos HVS,07 Sep 2022
Lucas,Fonseca,,Neon,Analista de processos,31 Aug 2022
André Luis,Ramos,,SantaCruz Distribuidora de Medicamentos,Especialista em inteligencia de mercado,31 Aug 2022
Larissa,Machado,,,,30 Aug 2022
Mikaella,Sobral,,IBM,Associate Intern,27 Aug 2022
Igor,Szot,,GPA,Analista de Dados Sênior (Squad Eng. Dados),26 Aug 2022
Walter,do Amaral Netto,,Comunidade DS,Cientista de dados,25 Aug 2022
Gabriel,Pires,,Prefeitura de Igarapé,Estagiário Medico Veterinário,24 Aug 2022
Alexandre,Bianco,alexandre.bianco@gmail.com,GLOBAL HITSS,Information Technology Operations Manager,21 Aug 2022
Bruna,Wesselka Tardoque,,banco BV,Junior Software Quality Assurance,16 Aug 2022
Daniel,Rath,daniel7rath@gmail.com,H2J Innovative Solutions,Business Intelligence Developer,16 Aug 2022
Ana,Nasquewitz,,"Hexagon Safety, Infrastructure & Geospatial","Human Resources Coordinator, LATAM",15 Aug 2022
Alex,Kenzo,,Santher,Aprendiz Financeiro,10 Aug 2022
Alexandre,Cordeiro,,Distribuição Disupra ,Conferente,07 Aug 2022
Giovana,Santos,,Mollica IT,Recrutador de TI,07 Aug 2022
Lívia,Bukolts,,RD,Product Designer,06 Aug 2022
Rafael,Pilan,,Faculdade de Tecnologia de Botucatu (FATEC),Professor do ensino superior,05 Aug 2022
Luciano,Diettrich,,Claro Brasil,Advanced Analytics Director,05 Aug 2022
Marcio,Paiva,,Global Hitss,Gerente Executivo de  Bigdata & Analytics,05 Aug 2022
Rafael,Peruzini,,Companhia Siderúrgica Nacional,Analista de dados de Business Intelligence,04 Aug 2022
Pedro Ronald,Barbosa,,BuscaJuris,Engenheiro de dados,03 Aug 2022
Keyla,Sousa,,Times Idiomas,Gerente,02 Aug 2022
Vitor ,Gama Lemos,,PSafe Brasil,Cientista de dados,02 Aug 2022
Pablo,Aguiar Raposo,,Prefeitura do Município de São Bernardo do Campo,técnico em licitações,02 Aug 2022
Ademir,Cordeiro,,CCAA,Estagiário de desenvolvimento,31 Jul 2022
Jorge,Carvalho,,Grupo Cacique,Auxiliar Administrativo,30 Jul 2022
Paulo,Yokoyama,,BuscaJuris,Engenheiro de dados,27 Jul 2022
Olavo,Pessôa,,iFood,Data Analyst ,27 Jul 2022
Beatriz,Laquini,,BaseLab,Monitoramento de redes,27 Jul 2022
Dayson,Nascimento,,datamint,Cientista de dados,27 Jul 2022
Larissa,Silva,,bLive,Analista de negócios,26 Jul 2022
Fabio,Souza,,Idehm Instituto de Ciência e Tecnologia,Analista de Dados e Processos,26 Jul 2022
Natascha,Fontanesi Weber 🏳️‍🌈,,iFood,Analista de dados,26 Jul 2022
Rhayza,Pinto,,IBM,Early Associate,26 Jul 2022
Liora,Dopacio,,Altomax ,Business Intelligence Analyst,26 Jul 2022
Ramon,Brito,,Grupo Boticário,Data Analyst ,26 Jul 2022
Jeferson ,Pereira Matos,,RSTcom Comunicação Estratégica,Desenvolvedor full stack,25 Jul 2022
Vanessa,Schnee,,Resilia Educação,Customer Success - Área de Novos Negócios,23 Jul 2022
Guilherme,Fontoura,,Panpharma Distribuidora de Medicamentos,Logístico,19 Jul 2022
Derek,Martins,,BuscaJuris,Engenheiro de dados,18 Jul 2022
Harao,Tavares,,IBM,Data Engineer intern,17 Jul 2022
Iury,Rosal,,Accenture,Senior Data Engineer,16 Jul 2022
Wagner,Lopes Cardozo,,FATEC Ourinhos Faculdade de Tecnologia de Ourinhos,Projeto Prefeitura Santa Cruz do Rio Pardo - FaTec Ourinhos SP,11 Jul 2022
Lucas,Dirk,,C6 Bank,Credit intern at c6 bank,11 Jul 2022
Vanessa Aline,Fachinelli Fonseca,,Claro Brasil,Gerente de Atração e Seleção ,01 Jul 2022
Marcus ,Vinicius,,Volvo Group,Material Controller,01 Jul 2022
Alessandra,Miliatti,,RD,"Gerente Aprendizagem Digital (Tech, Negócios Digitais e Data)",01 Jul 2022
Fernanda,Ferraz,,Hypera,Corporate Communications Manager,01 Jul 2022
Aline,Tieppo,alinetieppo@gmail.com,RD,Culture and Communication Manager,01 Jul 2022
Eliane,Zuin,,Claro Brasil,HR Business Partner,01 Jul 2022
Ricardo,Souza,,Schneider Electric Sustainability Business,Diretor regional de operações,30 Jun 2022
Bruno,Cani Stüssi Neves,,Resilia Educação,Fundador e CEO,30 Jun 2022
Deryck,Santana ,,Bemol Digital,Aprendiz de Cibersegurança ,29 Jun 2022
Rodolfo,Viana,,Bild Desenvolvimento Imobiliário,Analista de suprimentos,28 Jun 2022
Diego,Sousa Ferreira,,Autônomo,Vendedor de Mate,26 Jun 2022
Carlos,Augustin,,WestRock Brasil,Assistente administrativo,25 Jun 2022
Paula,Paniago,,Agra Foods,Analista de O&M,24 Jun 2022
Bruno,Laurindo Vieira,,BRQ Digital Solutions,Desenvolvedor java,24 Jun 2022
Iago,Ferreira Duart,,Sabor condimentos,Operador de maquinário,24 Jun 2022
Thiago,Vasconcelos,,Prefeitura Municipal de Caruaru,Assistente administrativo,24 Jun 2022
Igor,Santos,,Vitai Soluções,Suporte técnico,24 Jun 2022
Gabriel,Alves,,,,21 Jun 2022
Douglas,Andrade,,Digital Innovation One Inc.,Comunidade Alumni,21 Jun 2022
Sabrina,Guimarães,,NTT DATA,Data Engineer,21 Jun 2022
Camilla,Sampaio,,DogHero,Pet sitter,20 Jun 2022
Caroline,Suwaki,,iFood,Data Engineer,19 Jun 2022
Allyson,Santana,,TPF Engenharia,Aprendiz,18 Jun 2022
Pedro,Rocha Campos,,DISBRAPE - Distribuidora Brasileira de Produtos Educacionais,Representante comercial,18 Jun 2022
Gabriel,Christ,,Descomplica,Consultor de dados,18 Jun 2022
Samuel,Rolim Rodrigues,,Almanaque Centro de Ensino,Coordenador,18 Jun 2022
Mayerikson,de Vasconcelos,,Assim Saúde,Monitor de Qualidade,18 Jun 2022
João Vitor,de Oliveira,,Blue Avenir GmbH,Principal Engineer,18 Jun 2022
Lucas,Galindo,lukasrenan2009@hotmail.com,Alvin,Data Engineer/Software Engineer - Data Platform company,18 Jun 2022
Janayna ,Souza,,Localiza,Assistente de relacionamento,18 Jun 2022
Elizangela,Camargo,,Funcional Health Tech,Analista de sistemas,18 Jun 2022
Dayane,Brito,,Reserva,Caixa,17 Jun 2022
Carol,Candeias,,"Instituto de Apoio à Língua, à Cultura, e à Literatura - Poiesis",Auxiliar de produção,17 Jun 2022
Mariana,Lobão,,,,16 Jun 2022
Matheus,Barbosa Almeida,,,,16 Jun 2022
Luiza,Sampaio,,Prefeitura Municipal de São Gonçalo - RJ ,Assistente administrativo,16 Jun 2022
Jaqueline,Damasceno,,Data Mundo,Consultora de BI,16 Jun 2022
Esli,Queiroz,,Resilia Educação,Facilitador das Soft Skills,16 Jun 2022
Gustavo,Ribeiro Varella,,Autônomo,Analista de TI Junior,16 Jun 2022
Patrick ,Eleoterio,,CAEL Serviços - Terceirização de Mão de Obra,Assistente administrativo,16 Jun 2022
Laura,Camargo,,G2,Gestora Técnica de Clientes,16 Jun 2022
Aline Ester,O. Gomes,,Curso de Estatística da Prof. Fernanda Maciel,Suporte de Estatística e Social Media,16 Jun 2022
David,de Lima,,Universidade Federal do Rio Grande - FURG,Estudante de mestrado em oceanografia,16 Jun 2022
Érick,Vieira,,Resilia Educação,Projeto_M2 - Gestor de Conhecimento,16 Jun 2022
Amanda,Alves,,TLP,Analista de CCM,16 Jun 2022
Ana Carolina,Moralles Barbosa,,Universidade Estadual de Campinas,Estudante de mestrado,16 Jun 2022
Bárbara,de Avelar Ferraz Prins,,Olist,Analista de Negócios e Dados,16 Jun 2022
Camilo Sergio,Regis Macedo,,Serede,Técnico de telecomunicações,16 Jun 2022
Stephanie,Fernandes,,Trivium Cap,Consultor de intermediação,16 Jun 2022
Marisa,do Carmo Silva,,datamint,Analista de desenvolvimento de sistemas,16 Jun 2022
João,Rosa,,One Earth - One Ocean e.V.,Coordenador de campo,15 Jun 2022
Isabelle,Cavalcante,,Resilia Educação,Estudante,15 Jun 2022
Guilherme,Ribeiro,,Hospital Israelita Albert Einstein,Data Scientist,15 Jun 2022
Aline,Aparecida dos Santos,,LATAM Airlines,Assistente de Gestão Aeroportuária,15 Jun 2022
Brunna,Brito,,Petlove&Co,Data Analytics Intern,15 Jun 2022
João Victor,Julião,,Imobiliária Levic,Auxiliar de escritório,15 Jun 2022
Bruno,Guedes Da Silva,,Prefeitura Municipal de Cuitegi,Agente Censitário Municipal ,15 Jun 2022
Yasmin,Guanaes Farias,,Resilia Educação,Operations Leader - Student Success ,15 Jun 2022
Laura,Maria de Souza Romano,,Mobly,Analista de Supply Chain I,15 Jun 2022
Karoline,Costa da Silva,,INCRA,Pesquisadora colaboradora,15 Jun 2022
Lucas,Canella,,,,15 Jun 2022
Glauco,Tolotto,,Icatu Seguros,Analista de Desenvolvimento de sistemas,15 Jun 2022
Eduardo Henrique,"vinte anos de RH, treinamento e seleção",,,,07 Feb 2022
Tatiane,Brito,,Grupo H+Brasil,Analista técnica em segurança do trabalho nacional,29 Nov 2021
Nicoli,Santana Silva,,Frutificaoficial,Estagiária de nutrição,22 Nov 2021
Elton,O. S. Medeiros,,UFOP - Universidade Federal de Ouro Preto,Professor Substituto de História Antiga e Medieval,22 Nov 2021
Augusto ,Cesar ,,Urubupunga Transportes E Turismo,Auxiliar de Manutenção ,22 Nov 2021
Alex,Nascimento,,M & G Empreendimentos Ltda,Assistente administrativo,23 Mar 2021
Helena,Wakim Moreno,,Faculdade Sumaré,Professora de História (Licenciatura em História),06 Jan 2021
Elineide,Santos,,VOLL,Analista de processos sênior,11 Nov 2020
Erika,Almeida Rodrigues,,Banco Santander,Product Owner,07 Nov 2020
Dayane,Lima,,NTT DATA,Analista administrativo,06 Nov 2020
Robson,Assis,,Reclame AQUI,Analista de software,05 Nov 2020
Fabiane,Faria,,Record TV,Assessora de imprensa,04 Nov 2020
Mirele,Gonçalves de Souza,,Aon,Analista de Operações Jr,04 Nov 2020
Gabriela,Dias Gois,,Claro Brasil,Gerente comercial,02 Nov 2020
Stéphanie,Sautchúk Calheiros,,SKY Brasil,Analista de Endomarketing Jr.,30 Oct 2020
Juliana,Ferreira,,Commcenter,Gerente comercial,29 Oct 2020
Ana,Clara,,,,29 Oct 2020
Isabella,Cosenza Ferreira,,Colégio Madre Cabrini,Instrutora de Ensino Integral,23 Oct 2020
Danielly,Escame Gomes,,Eskame Imoveis,Assistente administrativo,23 Oct 2020
Guilherme,Sampaio,,Governo do Estado de São Paulo,Professor de História  ,20 Oct 2020