Endorsement Date,Skill Name,Endorser First Name,Endorser Last Name,Endorsement Status
2022/11/05 00:53:28 UTC,Pandas (Software),Pedro,Rocha Campos,ACCEPTED
2022/11/05 00:53:22 UTC,SQL,Pedro,Rocha Campos,ACCEPTED
2022/10/09 21:30:26 UTC,Comunicação interpessoal,Janayna ,Souza,ACCEPTED
2022/10/09 21:29:59 UTC,Visual Studio Code,Janayna ,Souza,ACCEPTED
2022/10/09 21:29:57 UTC,Trabalho em equipe,Janayna ,Souza,ACCEPTED
2022/10/09 21:29:56 UTC,Microsoft Excel,Janayna ,Souza,ACCEPTED
2022/10/09 21:29:54 UTC,Escuta ativa,Janayna ,Souza,ACCEPTED
2022/10/09 21:29:52 UTC,PostgreSQL,Janayna ,Souza,ACCEPTED
2022/10/09 21:29:49 UTC,Python,Janayna ,Souza,ACCEPTED
2022/10/09 21:29:43 UTC,Gestão de dados,Janayna ,Souza,ACCEPTED
2022/10/09 21:29:42 UTC,GitHub,Janayna ,Souza,ACCEPTED
2022/10/09 21:29:38 UTC,Inglês,Janayna ,Souza,ACCEPTED
2022/10/09 21:29:35 UTC,Gestão de tempo,Janayna ,Souza,ACCEPTED
2022/10/09 21:29:31 UTC,Análise de dados,Janayna ,Souza,ACCEPTED
2022/10/09 21:29:25 UTC,Pandas (Software),Janayna ,Souza,ACCEPTED
2022/10/09 21:29:23 UTC,NumPy,Janayna ,Souza,ACCEPTED
2022/10/09 21:29:22 UTC,Matplotlib,Janayna ,Souza,ACCEPTED
2022/08/28 18:42:31 UTC,Pesquisa,Patrick ,Eleoterio,ACCEPTED
2022/08/28 18:42:26 UTC,Comunicação interpessoal,Patrick ,Eleoterio,ACCEPTED
2022/08/28 18:42:23 UTC,Capacidade analítica,Patrick ,Eleoterio,ACCEPTED
2022/08/28 18:42:20 UTC,Pensamento crítico,Patrick ,Eleoterio,ACCEPTED
2022/08/28 18:42:17 UTC,Visual Studio Code,Patrick ,Eleoterio,ACCEPTED
2022/08/28 18:42:16 UTC,Escuta ativa,Patrick ,Eleoterio,ACCEPTED
2022/07/31 11:09:58 UTC,Escuta ativa,Matheus,Barbosa Almeida,ACCEPTED
2022/07/31 11:09:33 UTC,Pesquisa,Matheus,Barbosa Almeida,ACCEPTED
2022/07/31 11:09:20 UTC,Visual Studio Code,Matheus,Barbosa Almeida,ACCEPTED
2022/07/31 11:09:12 UTC,Trabalho em equipe,Matheus,Barbosa Almeida,ACCEPTED
2022/07/31 11:09:10 UTC,Microsoft Excel,Matheus,Barbosa Almeida,ACCEPTED
2022/07/05 23:16:35 UTC,Resolução de problemas,Isabelle,Cavalcante,ACCEPTED
2022/07/05 23:16:30 UTC,Liderança,Isabelle,Cavalcante,ACCEPTED
2022/07/05 23:16:29 UTC,Habilidades de apresentação,Isabelle,Cavalcante,ACCEPTED
2022/07/05 23:16:21 UTC,Comunicação interpessoal,Isabelle,Cavalcante,ACCEPTED
2022/07/05 23:16:16 UTC,Capacidade analítica,Isabelle,Cavalcante,ACCEPTED
2022/07/05 23:16:14 UTC,Pensamento crítico,Isabelle,Cavalcante,ACCEPTED
2022/07/05 23:15:57 UTC,Microsoft Word,Isabelle,Cavalcante,ACCEPTED
2022/07/05 23:15:55 UTC,Microsoft PowerPoint,Isabelle,Cavalcante,ACCEPTED
2022/07/05 23:15:50 UTC,Visual Studio Code,Isabelle,Cavalcante,HIDDEN
2022/07/05 23:15:39 UTC,Trabalho em equipe,Isabelle,Cavalcante,ACCEPTED
2022/07/05 23:15:34 UTC,Escuta ativa,Isabelle,Cavalcante,ACCEPTED
2022/07/05 23:15:31 UTC,Microsoft Excel,Isabelle,Cavalcante,ACCEPTED
2022/06/19 20:44:24 UTC,Comunicação interpessoal,Laura,Camargo,ACCEPTED
2022/06/19 20:44:23 UTC,Capacidade analítica,Laura,Camargo,ACCEPTED
2022/06/19 20:44:21 UTC,Pensamento crítico,Laura,Camargo,ACCEPTED
2022/06/19 20:44:21 UTC,Google Drive,Laura,Camargo,ACCEPTED
2022/06/19 20:44:17 UTC,Visual Studio Code,Laura,Camargo,ACCEPTED
2022/06/19 20:44:10 UTC,Trabalho em equipe,Laura,Camargo,ACCEPTED
2022/06/19 20:44:04 UTC,Escuta ativa,Laura,Camargo,ACCEPTED
2022/06/19 20:44:03 UTC,Microsoft Excel,Laura,Camargo,ACCEPTED
2022/06/18 01:39:07 UTC,Comunicação interpessoal,Stephanie,Fernandes,ACCEPTED
2022/06/18 01:39:05 UTC,Capacidade analítica,Stephanie,Fernandes,ACCEPTED
2022/06/18 01:39:02 UTC,Pensamento crítico,Stephanie,Fernandes,ACCEPTED
2022/06/18 01:38:59 UTC,Google Drive,Stephanie,Fernandes,ACCEPTED
2022/06/18 01:38:57 UTC,Visual Studio Code,Stephanie,Fernandes,ACCEPTED
2022/06/18 01:38:55 UTC,Trabalho em equipe,Stephanie,Fernandes,ACCEPTED
2022/06/18 01:38:54 UTC,Escuta ativa,Stephanie,Fernandes,ACCEPTED
2022/06/18 01:38:49 UTC,Microsoft Excel,Stephanie,Fernandes,ACCEPTED
