Title,Description,Url,Started On,Finished On
Projeto 1: Bot de Informações,"Nesse projeto, desenvolvi em conjunto com a squad um bot de informações simples, voltado para o uso em instituições financeiras. Nele, exerci a função de Gestor de Conhecimento, onde adquiri experiência em:  - Organização e gestão de tempo; - Escuta ativa e feedback positivo; - Comunicação profissional com o time.  Com o desenvolvimento do projeto, pude também aprofundar meus conhecimentos técnicos da área, como:  - Sintaxe e funções de Python; - Organização e visualização limpa do código; - Lógica de programação; - Git e GitHub; - Canva para apresentação do projeto.",https://github.com/JoSEPHDev2022/projeto-m1,Jun 2022,Jun 2022
Deu Match!,"Desenvolvi um sistema de registro de notas de candidatos aplicados em um processo seletivo de uma empresa fictícia. O foco do projeto era fazer com que o usuário pudesse inserir quantas notas e candidatos quisesse e, ao final, fosse capaz de filtrar esses candidatos por notas definidas por ele.  Hard Skills desenvolvidas: - Manipulação de Listas em Python - Lógica de programação  Soft skills desenvolvidas: - Gestão de tempo e tarefas - Consistência de rotina - Aprender a Aprender",https://github.com/JoSEPHDev2022/Deu_Match_todo3,Jul 2022,Jul 2022
Contratado!,"Nesse projeto, desenvolvi um sistema que é utilizado por uma empresa fictícia com o objeto de ajudar na gestão e seleção de candidatos para um processo seletivo. O usuário insere os dados do candidato (nome, vaga aplicada e um resumo do currículo), e o programa salva esses dados, permitindo ao fina fazer uma busca pelas palavras chave nos resumos dos candidatos, achando assim os perfis que se encaixam com a vaga.  Hard Skills desenvolvidas: - Manipulação de Dicionários em Python; - Loops aninhados para filtragem de dados de Listas e Dicionários; - Lógica de programação;  Soft Skills desenvolvidas: - Gestão de tempo e tarefas; - Aprender a Aprender; - Resiliência",https://github.com/JoSEPHDev2022/Contratado_ToDo4,Jul 2022,Jul 2022
Projeto 2: Pesquisa social sobre os impactos da Covid-19,"Nosso time recebeu uma solicitação de projeto - dessa vez vamos desenvolver uma pesquisa digital com a população de várias cidades do Brasil e armazenar os dados dessa pesquisa em um arquivo .csv para utilização em análises futuras. Os funcionários da empresa que contratou a equipe vão sair com o projeto nas ruas e utilizar para coletar as respostas.  Papel que exerci no projeto:  - Colaborador  Hard skills desenvolvidas: - Aprofundamento dos conhecimentos sobre loops e condicionais; - Aprofundamento dos conhecimentos sobre estruturas de dados (listas, dicionários); - Programação Orientada a Objetos; - Manipulação de arquivo CSV; - Gerenciamento de código pelo GitHub.  Soft Skills desenvolvidas: - Gerenciamento de tarefas; - Gestão de rotina; - Definir prioridades de desenvolvimento; - Escuta Ativa; - Postura profissional.",https://github.com/JoSEPHDev2022/ProjetoM2-Resilia,Jul 2022,Jul 2022
Modelagem e Aplicação - Banco de Dados,"Nesse projeto, foi criado um cadastro de empresa parceira, um cadastro de tecnologias com a opção de selecionar a área (webdev, dados, marketing, etc) e uma tabela de relatórios para registrar quais tecnologias as empresas estão utilizando, para que com esse banco de dados criado e populado, eu pudesse realizar queries SQL para responder algumas perguntas com a análise dessa base de dados.  Hard Skills desenvolvidas: - Criação de Modelagem Conceitual e Lógica do banco de dados; - Relacionamento entre entidades via chaves primárias e estrangeiras; - CRUD; - Criação de um banco de dados utilizando Postgres; - SQL; - Consultas e Queries no banco de dados;",https://github.com/JoSEPHDev2022/ToDo6_Modelagem_e_Aplicacao_Banco_de_Dados,Aug 2022,Aug 2022
Projeto 3: Banco ResiliaData,"Nesse projeto, desenvolvi a função de Gestor de Gente e Engajamento, onde pude adiquirir experiência em gestçao de pessoas e moticação do time. Sobre o projeto, foi desenvolvido um banco de dados pensado para ser utilizado pela própria Resilia Educação, onde por meio desse Banco, diversas informações cruciais podiam ser retiradas para o auxílio na tomada de decisões da empresa. Confira o repositório para mais detalhes.  Hard Skills desenvolvidas: - Criação de Modelagem Conceitual e Lógica do banco de dados; - Relacionamento entre entidades via chaves primárias e estrangeiras; - CRUD; - Criação de um banco de dados utilizando Postgres; - PostgreSQL; - Consultas e Queries no banco de dados:       * inner, left, right joins       * subqueries       * Triggers e Functions - Análise exploratória dos dados.  Soft Skills desenvolvidas: - Gestão de gente e engajamento; - Planejamento do projeto utilizando metodologias ágeis e ferramentas auxiliares como Trello; - Postura profissional; - Gestão de tempo; - Feedbacks construtivos e comunicação não-agressiva.",https://github.com/JoSEPHDev2022/_ProjetoM3,Aug 2022,Aug 2022
Funcionários da Empresa Milsa,"Nesse projeto, foi desenvolvido uma análise estatística-descritiva dos dados de uma banco de dados fictício de uma empresa. O objetivo do projeto era desenvolver insights a partir das informações dos dados e colorar em prática meus estudos de Pandas, Matplotlib e Seaborn.  Habilidades Tech desenvolvidas: - Manipulação de dados com Pandas e Numpy; - Plotar gráficos com Matplotlib - Seaborn; - Conceitos de estatística descritiva; - Análise exploratória de dados.",https://github.com/JoSEPHDev2022/ToDo_8-Funcionarios-da-empresa-milsa,Sep 2022,Sep 2022
Projeto 4: Análise da Precificação dos Combustíveis no Brasil (Julho-Agosto/2022),"Para o projeto final do Módulo 4 da formação em Data Analytics da Resilia Educação, a equipe foi escalada pela Agência Nacional de Petróleo e Gás Natural e Biocombustíveis (ANP) para realizar uma análise exploratória relacionada à série histórica de preço de venda da gasolina e do etanol. Foram utilizados os arquivos dos dois últimos meses do ano atual contendo a série histórica dos preços da gasolina e do etanol em todo o Brasil que estão disponíveis no portal dados.gov.  Hard Skills desenvolvidas: - Análise exploratória com Pandas; - Tratamento de dados; - Apresentação gráfica com Matplotlib e Seaborn; - Estatística-Descritiva; - Utilização do jupyter Notebook e Google Colab",https://github.com/JoSEPHDev2022/Projeto-Final-M4/tree/main,Sep 2022,Oct 2022
ToDo#10 - World Happiness Report 2020,"Uma análise acerca dos dados fornecidos pelo World Happiness Report 2020, onde explorei os índices sócio-políticos e econômicos do continente Europeu e Africano buscando compreender a disparidade entre eles. O objetivo desse projeto foi de desenvolver e aprofundar meus conhecimentos no Tableau e em visualização de dados no geral.  Hard skills desenvolvidas: - Filtragem de dados - Construção de planilhas, dashboards e histórias - Parâmetros e campos calculados - Fundamentos do Tableau",https://public.tableau.com/app/profile/jose.luiz.ferreira.junior/viz/ToDo10-WorldHappinessReport/Histria1,Oct 2022,Oct 2022
