Organization,Followed On
Poli,Sun Oct 02 02:25:07 UTC 2022
Advys Assessoria de Negocios,Thu Sep 29 00:06:41 UTC 2022
Forbes Brasil,Thu Sep 29 00:06:32 UTC 2022
Banco do Brasil,Thu Sep 29 00:06:22 UTC 2022
WEG,Thu Sep 29 00:06:15 UTC 2022
Forbes,Thu Sep 29 00:06:14 UTC 2022
Accenture Brasil,Sat Jul 23 02:15:34 UTC 2022
Pathfind,Wed Jun 29 20:54:06 UTC 2022
Qintess,Wed Jun 29 20:48:37 UTC 2022
Arcadis,Wed Jun 29 20:47:10 UTC 2022
Tata Consultancy Services,Wed Jun 29 20:40:25 UTC 2022
Buson,Wed Jun 29 20:31:27 UTC 2022
GeekHunter,Wed Jun 29 19:05:38 UTC 2022
SENAI/SC - Serviço Nacional de Aprendizagem Industrial,Thu Jun 23 03:05:12 UTC 2022
UniBrasil Centro Universitário,Thu Jun 23 03:01:54 UTC 2022
IBM,Sat Jun 18 00:32:49 UTC 2022
The Cyber Security Hub™,Sat Jun 18 00:32:33 UTC 2022
Resilia Educação,Sat Jun 18 00:31:42 UTC 2022
Let's Code from Ada,Sat Jun 18 00:31:39 UTC 2022
Cisco,Sat Jun 18 00:31:33 UTC 2022
Data Science Academy,Sat Jun 18 00:31:30 UTC 2022
Vagas.com,Sat Jun 18 00:31:20 UTC 2022
Interset Tecnologia,Sat Jun 18 00:31:15 UTC 2022
GOVERNANÇABRASIL - GOVBR,Sat Jun 18 00:31:12 UTC 2022
Centro de Excelência em Inteligência Artificial (CEIA) & Deep Learning Brasil,Sat Jun 18 00:31:05 UTC 2022
Linux,Sat Jun 18 00:25:37 UTC 2022
NASA Jet Propulsion Laboratory,Sat Jun 18 00:24:13 UTC 2022
European Space Agency - ESA,Sat Jun 18 00:24:05 UTC 2022
Virgin Orbit,Sat Jun 18 00:22:35 UTC 2022
Virgin Galactic,Sat Jun 18 00:22:21 UTC 2022
Chilli Beans,Sat Jun 18 00:21:09 UTC 2022
americanas s.a.,Sat Jun 18 00:21:04 UTC 2022
Ambev,Sat Jun 18 00:21:00 UTC 2022
Magazine Luiza,Sat Jun 18 00:20:56 UTC 2022
Cacau Show,Sat Jun 18 00:20:53 UTC 2022
POLISHOP,Sat Jun 18 00:20:46 UTC 2022
Mercado Livre,Sat Jun 18 00:20:29 UTC 2022
iFood,Sat Jun 18 00:20:26 UTC 2022
Itaú Unibanco,Sat Jun 18 00:20:23 UTC 2022
Inter,Sat Jun 18 00:20:20 UTC 2022
Nubank,Sat Jun 18 00:20:19 UTC 2022
Uber,Sat Jun 18 00:20:02 UTC 2022
LinkedIn,Sat Jun 18 00:20:01 UTC 2022
Spotify,Sat Jun 18 00:19:58 UTC 2022
Airbnb,Sat Jun 18 00:19:57 UTC 2022
BMW Group,Sat Jun 18 00:19:27 UTC 2022
Netflix,Sat Jun 18 00:19:25 UTC 2022
Meta,Sat Jun 18 00:19:25 UTC 2022
Microsoft,Sat Jun 18 00:19:20 UTC 2022
Amazon,Sat Jun 18 00:18:53 UTC 2022
STARLINK,Sat Jun 18 00:18:52 UTC 2022
Google,Sat Jun 18 00:18:50 UTC 2022
BLUE ORIGIN,Sat Jun 18 00:18:49 UTC 2022
Apple,Sat Jun 18 00:18:46 UTC 2022
Tesla,Sat Jun 18 00:18:44 UTC 2022
NASA - National Aeronautics and Space Administration,Sat Jun 18 00:18:42 UTC 2022
SpaceX,Sat Jun 18 00:18:35 UTC 2022
WestRock Brasil,Sat Nov 13 23:02:52 UTC 2021