Notes:
"When exporting your connection data, you may notice that some of the email addresses are missing. You will only see email addresses for connections who have allowed their connections to see or download their email address using this setting https://www.linkedin.com/psettings/privacy/email. You can learn more here https://www.linkedin.com/help/linkedin/answer/261"

First Name,Last Name,Email Address,Company,Position,Connected On
João Victor,Julião,,Imobiliária Levic,Auxiliar de escritório,06 Nov 2022
Renatta,Miranda,,Recrute PJ,Diretora administrativa,03 Nov 2022
Greyce,Aparicio,,ENGIE Brasil,Estagiária Tecnologia da Informação e Digitalização,03 Nov 2022
Luis Henrique,Kalil Duarte,,PagBank PagSeguro,Data Engineer Jr,03 Nov 2022
Fernando Yudi,Nagao,,Ômega Projetos e Consultoria LTDA,Especialista em CAD ,28 Oct 2022
Renata,Sousa,,Grupo Souza Lima,Auxiliar de limpeza,25 Oct 2022
Éderson,Sousa Albino,,ONS - Operador Nacional do Sistema Elétrico,Analista de Dados e Soluções Análiticas IV,24 Oct 2022
David,Lima,,OAB SP,Auxiliar administrativo,24 Oct 2022
Elisangela,Ferreira,,Girotondo Importadora e Distribuidora,Assistente de vendas,24 Oct 2022
Liana,de Castro,,Indra,Analista de dados,20 Oct 2022
Matheus,Chaves Silva,,MuchMore Digital ,Cientista de Dados Jr,20 Oct 2022
Matheus,Depoli,,,Consultor Estatístico,20 Oct 2022
Diogo,Moura,,Data Mundo,Analista de dados,18 Oct 2022
Douglas,William Diniz e Silva,,Universidade Federal de Minas Gerais,Analista de Dados /  Supervisor,18 Oct 2022
Everalda,Soares,everaldasolange@gmail.com,Boost IT,Test Automation Engineer,13 Oct 2022
Maria Clara,Santana da Silva ,,Solution BI,Data Analyst,11 Oct 2022
Gabriel,Otokovieski Trevisan,,Cimebras,Estagiário de engenharia de projeto,02 Oct 2022
Beatriz,Nolasco,,Alterdata Software,Desenvolvedora FullStack ,27 Sep 2022
Maria Clara,Alves,,Poli,Analista de Comunicação Interna,23 Sep 2022
Julia,Monteiro ,,Grupo SOMA,Assistente de Planejamento Comercial | Foxton,21 Sep 2022
Nicholas,Paiva,,V4 Company,Analista de dados,19 Sep 2022
Daniel,M. Fernandes,,Vale,Estagiário de Dados,19 Sep 2022
Rafael,Pilan,,Faculdade de Tecnologia de Botucatu (FATEC),Professor do ensino superior,17 Sep 2022
Alexandre,Bianco,alexandre.bianco@gmail.com,GLOBAL HITSS,Information Technology Operations Manager,16 Sep 2022
Elaine Marie,Jocarelli,,Claro Brasil,Coordinator of Machine Learning & Analytics Engineering,16 Sep 2022
AMANDA,GUIMARAES,,Universidade Estácio de Sá,Estudante de Ciência de Dados,08 Sep 2022
Diego,Silva,,,,06 Sep 2022
Allyson,Santana,,TPF Engenharia,Aprendiz,31 Aug 2022
Walter,do Amaral Netto,,Comunidade DS,Cientista de dados,31 Aug 2022
Claudia,Maia,,Senac RS,Professora,29 Aug 2022
Vitor,Mendes,,Leiaute Propaganda,Coordenador de TI,24 Aug 2022
Raphael,Gomide,,XP Educação,Professor e Coordenador de Cursos,06 Aug 2022
Erick,Rhamnusia,,iMusicaCorp,Analista de Business Intelligence,05 Aug 2022
Patrick ,Eleoterio,,CAEL Serviços - Terceirização de Mão de Obra,Assistente administrativo,29 Jul 2022
Elizangela,Camargo,,Funcional Health Tech,Analista de sistemas,29 Jul 2022
Aline Ester,O. Gomes,,Curso de Estatística da Prof. Fernanda Maciel,Suporte de Estatística e Social Media,29 Jul 2022
Guilherme,Ribeiro,,Hospital Israelita Albert Einstein,Data Scientist,27 Jul 2022
Angelo,Ferreira Assis,,dti digital,Software Architect,27 Jul 2022
Carol,Candeias,,"Instituto de Apoio à Língua, à Cultura, e à Literatura - Poiesis",Auxiliar de produção,20 Jul 2022
Camilla,Sampaio,,DogHero,Pet sitter,20 Jul 2022
Vanessa,Schnee,,Resilia Educação,Customer Success - Área de Novos Negócios,16 Jul 2022
Wagner,Lopes Cardozo,,FATEC Ourinhos Faculdade de Tecnologia de Ourinhos,Projeto Prefeitura Santa Cruz do Rio Pardo - FaTec Ourinhos SP,11 Jul 2022
Thiago,Vasconcelos,,Prefeitura Municipal de Caruaru,Assistente administrativo,09 Jul 2022
Mariana,Lobão,,,,09 Jul 2022
Janayna ,Souza,,Localiza,Assistente de relacionamento,08 Jul 2022
Juliana,Souza,,Autônomo,Professora,06 Jul 2022
Flávio,Christovam,,DAY OFF CAFÉ,Barista,05 Jul 2022
Esli,Queiroz,,Resilia Educação,Facilitador das Soft Skills,02 Jul 2022
Stephanie,Fernandes,,Trivium Cap,Consultor de intermediação,01 Jul 2022
Fernanda,Ferraz,,Hypera,Corporate Communications Manager,30 Jun 2022
Eliane,Zuin,,Claro Brasil,HR Business Partner,30 Jun 2022
João,Rosa,,One Earth - One Ocean e.V.,Coordenador de campo,30 Jun 2022
Isabelle,Cavalcante,,Resilia Educação,Estudante,27 Jun 2022
Jaqueline,Damasceno,,Data Mundo,Consultora de dados,27 Jun 2022
Paula,Paniago,,Agra Foods,Analista de O&M,27 Jun 2022
Bárbara,de Avelar Ferraz Prins,,Olist,Analista de Negócios e Dados,26 Jun 2022
Camilo Sergio,Regis Macedo,,Serede,Técnico de telecomunicações,26 Jun 2022
Gabriel,Alves,,,,26 Jun 2022
Dayane,Brito,,Reserva,Caixa,26 Jun 2022
Ana Carolina,Moralles Barbosa,,Universidade Estadual de Campinas,Estudante de mestrado,26 Jun 2022
Amanda,Alves,,TLP,Analista de CCM,26 Jun 2022
Brunna,Brito,,Petlove&Co,Data Analytics Intern,26 Jun 2022
David,de Lima,,Universidade Federal do Rio Grande - FURG,Estudante de mestrado em oceanografia,26 Jun 2022
Samuel,Rolim Rodrigues,,Almanaque Centro de Ensino,Coordenador,26 Jun 2022
Bruno,Guedes Da Silva,,Prefeitura Municipal de Cuitegi,Agente Censitário Municipal ,25 Jun 2022
Lucas,Canella,,,,25 Jun 2022
José Luiz ,Ferreira Junior,,,,25 Jun 2022
Pedro,Rocha Campos,,DISBRAPE - Distribuidora Brasileira de Produtos Educacionais,Representante comercial,24 Jun 2022
Karoline,Costa da Silva,,INCRA,Pesquisadora colaboradora,24 Jun 2022
Marisa,do Carmo Silva,,datamint,Analista de desenvolvimento de sistemas,24 Jun 2022
Francisco,Belo,,Agis,Controlador de manutenção,24 Jun 2022
Vitor Hugo,Palmieri,,BuscaJuris,Engenheiro de dados,23 Jun 2022
Matheus,Barbosa Almeida,,,,18 Jun 2022
Gustavo,Ribeiro Varella,,Autônomo,Analista de TI Junior,18 Jun 2022
Laura,Maria de Souza Romano,,Mobly,Analista de Supply Chain I,18 Jun 2022
Laura,Camargo,,G2,Gestora Técnica de Clientes,16 Jun 2022