Notes:
"When exporting your connection data, you may notice that some of the email addresses are missing. You will only see email addresses for connections who have allowed their connections to see or download their email address using this setting https://www.linkedin.com/psettings/privacy/email. You can learn more here https://www.linkedin.com/help/linkedin/answer/261"

First Name,Last Name,Email Address,Company,Position,Connected On
abed,ahdy,,,,03 Nov 2022
Wanderson,Lima,,Atlantica Hospitality International,Coordenador de Planejamento e Business Intelligence,01 Nov 2022
João Paulo,de Sousa Barbosa,,Data Mundo,Analista de dados,01 Nov 2022
Matheus,Gomes,,Medvitalis Serviços Ltda,Auxiliar administrativo.,31 Oct 2022
Henrique,Lopes,,Pasquali Solution,Analista de recrutamento e seleção,31 Oct 2022
Pedro Luiz,Camara,,Universidade Católica de Pernambuco,Student Researcher,27 Oct 2022
Renatta,Miranda,,Recrute PJ,Diretora administrativa,27 Oct 2022
Renata,Sousa,,Grupo Souza Lima,Auxiliar de limpeza,25 Oct 2022
Matheus,Depoli,,Universidade Federal do Espírito Santo (Oficial),"Iniciação Científica em ""Métodos estatísticos aplicados em Ciências da Saúde e Meio Ambiente.""",24 Oct 2022
Geziel,Gomes,,Softtek,Analista de BI,22 Oct 2022
Enrico,Martins,,Genyon Tecnologia,Desenvolvedor Front-End Júnior,22 Oct 2022
Jansen,Bruno,,Nubank,Software Engineer ,20 Oct 2022
Julia,Monteiro ,,Grupo SOMA,Assistente de Planejamento Comercial | Foxton,19 Oct 2022
Christian,Ferreira,,Reserva,Estoquista,17 Oct 2022
Douglas,William Diniz e Silva,,Universidade Federal de Minas Gerais,Analista de Dados /  Supervisor,14 Oct 2022
Tiffany,Pourteymour,,PicPay,Talent | Seleção,14 Oct 2022
Maikon , Lacerda,,Fácil,Técnico de implantação de Sistemas,11 Oct 2022
Matheus,Chaves Silva,,Raccoon Marketing Digital,Estagiário em Ciência de Dados,11 Oct 2022
Rodrigo,Galvão,,SENAI - Serviço Nacional de Aprendizagem Industrial,T.I Senai ,11 Oct 2022
Ksenija,Durovic,,Alliance Tek Solutions,Data Analyst,11 Oct 2022
Aislan Galdino da,Cunha,,Nitech Academy,Analista de dados,09 Oct 2022
Luiz,Henrique,,UFRJ - Universidade Federal do Rio de Janeiro,Iniciação Científica em Movimento Browniano e Mecânica Quântica.,09 Oct 2022
Tonito Dias,Sumbelelo,,IS4 Solutions, Data Analyst ,09 Oct 2022
Gilberto,Casanova Junior 🇧🇷-🇮🇹,,Comercial Casanova,Analista de dados Jr.,09 Oct 2022
Milena,Cezar,,Radix US,Estágio,09 Oct 2022
Lizandra,Rodrigues,,FederalPrec,Analista de dados,07 Oct 2022
André,Neves,,Consultoria,Consultor de engenharia de software,07 Oct 2022
João Pedro de Moura,Marinho,,HidroMotoresRC,Estagiário de informática ,05 Oct 2022
Evelin,Barbosa,,Rio Ita,Líder de PCM ,05 Oct 2022
fabio,alves,,House Tech,Gestor de TI (EMPREEDEDOR),05 Oct 2022
Larissa,Machado,,,,05 Oct 2022
Robson,Freitas,,Movida Aluguel de Carros,Desenvolvedor Full Stack Pleno,03 Oct 2022
Talysson,Barbosa,,,,03 Oct 2022
Davi Polonini,de Souza Augusto,,BS Produções,Analista / Supervisor de Vendas,02 Oct 2022
Raniery,Lucas,,Fadami - Software & Innovation,Analista de Banco de Dados Pleno,01 Oct 2022
JOVIANO,SILVEIRA,,Wanke SA,Controller,30 Sep 2022
Hugo,Parada,,,,28 Sep 2022
Eraldo,Junior,,Gvs Fruit Company Ltda,Desenvolvedor de software,27 Sep 2022
Caetano,Sales Carvalho,,Escola Granja Viana,Auxiliar de cobrança,27 Sep 2022
Pablo Henrique,Silva,,Baker Hughes,TÉCNICO DE ELETROELETRÔNICO I,26 Sep 2022
Ramon,Nunes,,NeoSyx Desenvolvimento,Desenvolvedor júnior,24 Sep 2022
Victor,Morais,,Lauriano BI,Analista de dados,22 Sep 2022
Maria Clara,Alves,,Poli,Analista de Comunicação Interna,22 Sep 2022
Paulo Sérgio,Souza,,Ministério da Defesa,Supervisor Pedagógico adjunto do Ensino Médio e Profissionalizante,22 Sep 2022
Italo,Evangelista,,Linx,Analista Jr II - Suporte,22 Sep 2022
Luis Henrique,Kalil Duarte,,PagBank PagSeguro,Data Engineer Jr,21 Sep 2022
Wdenildo,Junior,,Algar Tech,Analista administrativo,21 Sep 2022
Diana,Rodrigues,,.add,Estagiária de inteligência comercial,21 Sep 2022
,,,,,21 Sep 2022
Weslley,Santos,,Agent TI,Analista/Desenvolvedor Junior de Banco de Dados -  Junior Database Analyst / Developer,21 Sep 2022
Gabriel,Pires,,Prefeitura de Igarapé,Estagiário Medico Veterinário,21 Sep 2022
Masoud,"Ameri, PMP®, PSM®",,Sadra Paydar Ofogh Co.,Senior Project Administrator,21 Sep 2022
Gustavo,Nascimento dos Santos,,Multfacil Comercial,Mediador Técnico Educacional,21 Sep 2022
Marco Antonio,Carvalho,,Comunidade DS,Cientista de dados,21 Sep 2022
Mauricio,Noronha,, -,Consultor de vendas,21 Sep 2022
Liora,Dopacio,,Altomax ,Business Intelligence Analyst,21 Sep 2022
Wisley,Gonçalves,,99Freelas,Web Design - Freelancer Independente,19 Sep 2022
Allan,Cruz,,Bosch Security and Safety Systems,Senior Backend Developer (External),17 Sep 2022
Gabriela,Antunes,,iMusica,Analista de BI,16 Sep 2022
Rhayza,Pinto,,IBM,Early Associate,16 Sep 2022
Wesley Alison,Hessel Sanches,,CEVA Logistics,Analista de logística,15 Sep 2022
Liana,de Castro,,Indra,Analista de dados,15 Sep 2022
Nicholas,Paiva,,V4 Company,Analista de dados,15 Sep 2022
Vinícius,Menezes,,CAF,Analista de Documentos ,14 Sep 2022
Marcelo,Cardoso,,CS Treina,Executivo de negócios,14 Sep 2022
Kelvin,Okuda,,Uber,Catalog Anayst Global,14 Sep 2022
Rodrigo,Barbosa,,Magna Projetos E Serviços Ltda,Técnico de redes,14 Sep 2022
Samuel,Fonseca,,GAVB,BI Analyst,13 Sep 2022
Wesley,C. Dias de Oliveira,,Suno,Data Team Product Manager,13 Sep 2022
Carol,THOMIR,,,,12 Sep 2022
Evandro,Pereira Mattos,,White Cube Tecnologia da Informação,Engenheiro de Dados BI,12 Sep 2022
Walter,do Amaral Netto,,Comunidade DS,Cientista de dados,12 Sep 2022
Matheus,Monteiro,,Confitec,Analista de Dados | Desenvolvimento T-SQL,10 Sep 2022
Rayan,Argolo ,,Logictel,Jovem Aprendiz,09 Sep 2022
Marcelo,Koscina,,Freelance,Junior Business Intelligence Analyst,08 Sep 2022
Beatriz,Nolasco,,Alterdata Software,Desenvolvedora FullStack ,08 Sep 2022
Lucas Guilherme,de Arruda,,Suprema Poker,Analista de suporte ao cliente,08 Sep 2022
Rian,Novaes,,Força Aérea Brasileira - FAB,Militar,07 Sep 2022
Julia,Alencar Dias,,Núcleo de Pesquisas em Oncologia,Iniciação Científica,07 Sep 2022
Emerson,Santos,,act digital,Analista de dados,07 Sep 2022
Paulo,Laurentys,,Inter,Dados & Analytics Superintendent,06 Sep 2022
Henrique,Oliveira  ,,Betel Corretora de Seguros,Corretor de seguros,06 Sep 2022
Samantha,Cruz,,CADS Digital,Software Developer,06 Sep 2022
Luana,Duarte,,Sambatech,Analista de suporte,06 Sep 2022
Vanessa,Vieira,,Avanade,Data Analyst,05 Sep 2022
Humberto L.,Varona,,Research Executive Agency. European Commission,Triatlas Project,05 Sep 2022
Diogo,Moura,,Data Mundo,Analista de dados,05 Sep 2022
Fabricio,Rodrigues,,act digital,Analista de dados,04 Sep 2022
Luiz,Maycon,,Comunidade DS,Cientista de dados,04 Sep 2022
Alice,Quadros,,EVT,Data Engineer Jr,02 Sep 2022
Mayk,Gomes ,,,,02 Sep 2022
Breno,Sales,,Sistran Informática,Analista de dados,01 Sep 2022
Michelle,Teixeira,,Ubiminds,Tech Sourcer | Talent Acquisition,31 Aug 2022
Leila,Aparecida da Silva,,SenseData,Analista Analytics Services Pleno,31 Aug 2022
glaucio,santos,,Alamo construtora,Sócio proprietário,31 Aug 2022
Willian,Carvalho,,,,31 Aug 2022
Douglas,Silva Cruz,,,Técnico de TI,31 Aug 2022
João Pedro,A.,,,,30 Aug 2022
Marcio,Henriques,mhadsouza@gmail.com,RPM HOSPITALAR,Analista de suporte de TI Pleno,30 Aug 2022
Guilherme,Dalbem Eto Lages,,Prefeitura de Belo Horizonte,Estagiário do CTRS BR-040 | SLU | Prefeitura de Belo Horizonte,30 Aug 2022
David,Lima,,OAB SP,Auxiliar administrativo,30 Aug 2022
Nathan,Cardoso,nathancf.santos@gmail.com,Quod,Estagiário de projetos,29 Aug 2022
Gabriel,Lopes,,ENGECONSULT Consultores Técnicos - LCA Planejamento e Gestão,Assistente de projetos,29 Aug 2022
Wagner,Augusto,,Padaria E Confeitaria Doce Sabor,Auxiliar de Padaria,29 Aug 2022
Diogo,Cancella Medeiros,,,,29 Aug 2022
Igor,Campos,,Resilia Educação,Desenvolvedor de front-end,29 Aug 2022
Jeferson,Gonçalves Paz,,SONDA,Analista de Suporte I,28 Aug 2022
Adriano,Kishi,,,,26 Aug 2022
Alison,Junho,,Brisanet Telecomunicações,Técnico de telecomunicações,26 Aug 2022
Andrey,Silva,,Dataside,DBA Jr. de SQL Server,26 Aug 2022
Jefferson,Cunha,,Barbearia Âncora,Autônomo,25 Aug 2022
Wellington,Paulino,,Wiser Educação,Executivo de Negócios ,25 Aug 2022
Rodrigo,Barbosa,,Grupo Trigo,Senior Data Scientist,25 Aug 2022
Erickson,Lopes,,be3 health tech,Programador júnior,24 Aug 2022
Ana Paula,Cabral ,,Embrapa Recursos Genéticos e Biotecnologia,Estagiária,23 Aug 2022
Vitor,Mendes,,Leiaute Propaganda,Coordenador de TI,23 Aug 2022
Claudia,Maia,,Senac RS,Professora,23 Aug 2022
Marcio,Silva,,Santander Brasil,Coordenador de Projetos e Controle Financeiro de Tecnologia e Engenharia ,23 Aug 2022
Kevin,Paes,,Grupo Petrópolis,Assistente de produção,22 Aug 2022
Pedro,Dias,,Johnson & Johnson,Operador de produção,22 Aug 2022
Arthur Fuchs Reis,Reis ( PCD),,IBM,International Outsource Junior,21 Aug 2022
Luis,Gustavo,,Odds Scanner,Data Entry Operator,20 Aug 2022
Isabela,Fagundes,,,,19 Aug 2022
Luis Andre,Leandro dos Santos,,Ponto bit soluções tecnologicas,Analista de sistema,19 Aug 2022
William,Bradley,,Resilia Educação,Facilitador de Soft Skills e Aprendizagem | Time Corporativo,18 Aug 2022
Isabella,Bruno,,uCondo,Tech Recruiter,18 Aug 2022
Jefferson,Viegas,,AMC Telecom,Supervisor,18 Aug 2022
Renan,D'Alexandro Freitas,,K2 Partnering Solutions,Analista de Dados Júnior,17 Aug 2022
Jordy,Edson,,E-novasys,Analista de BI ,17 Aug 2022
Jamison,Queiroz,,SEMGE,GIS Technical Lead,16 Aug 2022
Vinicius,de Azevedo Galego,,Suhai Seguradora,Especialista em dados,16 Aug 2022
Marcelo,Garrido de Castro,,Trimble Inc.,Administrador de Banco de Dados Sênior,16 Aug 2022
Felipe,Furtado Geraldo,,Mylo Estúdio ,Técnico de operações,15 Aug 2022
Daniel ,Torres Tavares,,Rodrigo Montesanto Pereira Leite,Auxiliar administrativa,12 Aug 2022
Helismar,Pereira Alves,,Senac Goiás,Gestor Comercial | Supervisor Comercial na Seção de Relacionamento com o Cliente no Senac Goiás,09 Aug 2022
Jean Carlo,da Silva,,SEST SENAT,Security Area,09 Aug 2022
BRAHAM DEO,GUPTA,,Jiwaji University,Faculty Member,07 Aug 2022
Alexandre,Cordeiro,,Distribuição Disupra ,Conferente,07 Aug 2022
Rafael,Peruzini,,Companhia Siderúrgica Nacional,Analista de dados de Business Intelligence,03 Aug 2022
Tulio,Vargas,,Clube FII,Back End Developer,03 Aug 2022
José Rodolpho,De Oliveira Gomes,,,,02 Aug 2022
Vitor ,Gama Lemos,,PSafe Brasil,Cientista de dados,02 Aug 2022
Nathália,Eleotério,,IDG Engenharia e Consultoria,Desenhista Projetista,30 Jul 2022
Jessica,Machado,,Sensedia,Consulting Intern,30 Jul 2022
Jorge,Carvalho,,Grupo Cacique,Auxiliar Administrativo,30 Jul 2022
Carlos,Augustin,,WestRock Brasil,Assistente administrativo,29 Jul 2022
Dayson,Nascimento,,datamint,Cientista de dados,27 Jul 2022
Aryel,"França, M.Sc.",,Mulheres no Comando,Mentora,26 Jul 2022
ServCloud Hospedagem de Sites ☁️,🌐 Seu Site Com Especialistas 💻👨🏻‍💻,,,,25 Jul 2022
Igor,Rodrigues,,Inspira Rede de Educadores,Técnico em atendimento e vendas,25 Jul 2022
Alana,Andrade,,Secretaria Municipal de Educação,Estagiária de recursos humanos,23 Jul 2022
Karoline,Costa da Silva,,INCRA,Pesquisadora colaboradora,22 Jul 2022
Eduardo,Henrique Ferreira,,Scala,Operador de produção,18 Jul 2022
Vitória,Cordeiro e Silva,,Tesis IT & Automation,Cientista de dados jr,18 Jul 2022
Jefferson,Vieira,,Hospital Israelita Albert Einstein,Consultor de Analytics,14 Jul 2022
Paula,Bezerra Feitosa,,Brasil Esquadrias,Financial Assistant,14 Jul 2022
Danilo,Rezende,,NG7 Consultoria ,Analista de BI,14 Jul 2022
Erika,Rodrigues,,,,10 Jul 2022
Fabrício,de Mello Porto Alegre,,AnalysisMD,Analista de dados JR,09 Jul 2022
Wagner,Lopes Cardozo,,FATEC Ourinhos Faculdade de Tecnologia de Ourinhos,Projeto Prefeitura Santa Cruz do Rio Pardo - FaTec Ourinhos SP,09 Jul 2022
Mariana,Lobão,,,,08 Jul 2022
Laura,Maria de Souza Romano,,Mobly,Analista de Supply Chain I,06 Jul 2022
Reinaldo,Oliveira de Azevedo,,Young Solucoes,Analista de suporte,04 Jul 2022
Lucas,Dirk,,C6 Bank,Credit intern at c6 bank,29 Jun 2022
Paula,Paniago,,Agra Foods,Analista de O&M,24 Jun 2022
Lucas,Silva,,Calcme,Desenvolvedor FullStack Jr II,23 Jun 2022
Thiago,Vasconcelos,,Prefeitura Municipal de Caruaru,Assistente administrativo,22 Jun 2022
Iago,Ferreira Duart,,Sabor condimentos,Operador de maquinário,22 Jun 2022
Diego,Sousa Ferreira,,Autônomo,Vendedor de Mate,22 Jun 2022
Camilla,Sampaio,,DogHero,Pet sitter,20 Jun 2022
Allyson,Santana,,TPF Engenharia,Aprendiz,18 Jun 2022
Carol,Candeias,,"Instituto de Apoio à Língua, à Cultura, e à Literatura - Poiesis",Auxiliar de produção,18 Jun 2022
Ives ,Viana Fragoso,,,,18 Jun 2022
Pedro,Rocha Campos,,DISBRAPE - Distribuidora Brasileira de Produtos Educacionais,Representante comercial,18 Jun 2022
João Victor,Julião,,Imobiliária Levic,Auxiliar de escritório,18 Jun 2022
Marcus ,Vinicius,,Volvo Group,Material Controller,18 Jun 2022
Elizangela,Camargo,,Funcional Health Tech,Analista de sistemas,18 Jun 2022
Yasmin,Guanaes Farias,,Resilia Educação,Operations Leader - Student Success ,17 Jun 2022
Aline Ester,O. Gomes,,Curso de Estatística da Prof. Fernanda Maciel,Suporte de Estatística e Social Media,16 Jun 2022
José Luiz ,Ferreira Junior,,,,16 Jun 2022
Gustavo,Ribeiro Varella,,Autônomo,Analista de TI Junior,16 Jun 2022
Dayane,Brito,,Reserva,Caixa,16 Jun 2022
Samuel,Rolim Rodrigues,,Almanaque Centro de Ensino,Coordenador,16 Jun 2022
Matheus,Barbosa Almeida,,,,16 Jun 2022
Isabelle,Cavalcante,,Resilia Educação,Estudante,16 Jun 2022
Ana Carolina,Moralles Barbosa,,Universidade Estadual de Campinas,Estudante de mestrado,16 Jun 2022
Laura,Camargo,,G2,Gestora Técnica de Clientes,16 Jun 2022
Brunna,Brito,,Petlove&Co,Data Analytics Intern,15 Jun 2022
David,de Lima,,Universidade Federal do Rio Grande - FURG,Estudante de mestrado em oceanografia,15 Jun 2022
Jaqueline,Damasceno,,Data Mundo,Consultora de dados,15 Jun 2022
Camilo Sergio,Regis Macedo,,Serede,Técnico de telecomunicações,15 Jun 2022
Esli,Queiroz,,Resilia Educação,Facilitador das Soft Skills,01 Jun 2022
Érick,Vieira,,Resilia Educação,Projeto_M2 - Gestor de Conhecimento,27 May 2022
Gabriel,Christ,,Descomplica,Consultor de dados,25 May 2022
Marisa,do Carmo Silva,,datamint,Analista de desenvolvimento de sistemas,23 May 2022
Janayna ,Souza,,Localiza,Assistente de relacionamento,22 May 2022
Lucas,Canella,,,,22 May 2022
Bárbara,de Avelar Ferraz Prins,,Olist,Analista de Negócios e Dados,22 May 2022
João,Rosa,,One Earth - One Ocean e.V.,Coordenador de campo,22 May 2022
Aline,Aparecida dos Santos,,LATAM Airlines,Assistente de Gestão Aeroportuária,22 May 2022
Stephanie,Fernandes,,Trivium Cap,Consultor de intermediação,22 May 2022
Luiza,Sampaio,,Prefeitura Municipal de São Gonçalo - RJ ,Assistente administrativo,22 May 2022
Bruno,Guedes Da Silva,,Prefeitura Municipal de Cuitegi,Agente Censitário Municipal ,22 May 2022
Amanda,Alves,,TLP,Analista de CCM,15 May 2022
Raquel,Santos,,Stone,Analista de Customer Experience ,07 May 2022
Diego,Fagundes,,,,06 May 2022
Gabriel,Pimentel,,Vigban,Recepcionista,06 May 2022
Marcos,Paulo,,JGP,Analista de sistemas,26 Apr 2022
Leonardo,Bergonci,,PSR - Energy Consulting and Analytics,Estagiário,07 Feb 2022
Natalia,Godinho dos Santos,,Radix Engenharia e Software,Estagiária,08 Nov 2021
Lukas,Müller de Oliveira,,XP Inc.,Analyst II | Treasury ,07 Nov 2021
Matheus,Souza,,Radix Engenharia e Software,Estagiário de engenharia,01 Nov 2021
Guilherme,Luppi,,Letra Capital Editora,Gerente financeiro,01 Nov 2021
Leonardo,Marques Cardoso,,JGP,Analista de dados,01 Nov 2021